0.729834706,-2.073388029,-5.382771388,-0.292879151,0.374386355,-0.705600483
-11.40430342,-5.132577873,3.535159284,-0.38840396,-3.059884757,0.349520287
-3.122320877,-1.644892198,-1.065487707,-0.114044375,-0.703939208,-0.378955511
-1.875866635,2.091262977,3.926755715,1.058764202,-0.815738804,0.363422548
5.652131218,-1.421692443,-16.85040519,-0.13331017,1.960206393,-2.9477588
5.479260807,5.664260977,-1.540809037,1.579234041,1.140304342,-0.807328287
-5.858411167,-0.352574041,11.31539934,-0.088838041,-1.613128614,1.825389349
0.300893554,8.272787859,5.468712019,2.81707262,-0.360202629,-0.705854693
2.093210988,6.132508228,3.951240058,1.925669385,-0.276049875,0.169096131
-0.760673973,-4.453593264,-12.16564741,-1.615662689,0.064247846,-1.733821123
-1.785490513,1.14322427,7.516019794,1.050566293,-0.908366486,1.304825297
14.47343058,7.728867364,7.425063017,0.217258169,3.881768826,1.690823663
-5.924657994,-3.549178571,-0.902913079,-0.165468383,-1.544760983,-0.100731329
7.064525585,2.289497696,11.39835486,-0.692527521,1.032308029,3.502327965
-6.955113737,-8.930074792,-6.824022545,-2.053592032,-1.350572602,-0.638376409
-14.38362699,-7.850954244,-5.46333261,-0.52691473,-3.116041821,-1.554993082
-6.906701133,1.590636158,10.74048026,0.479807664,-2.215887926,1.220648063
2.749424009,4.634229735,18.77703771,0.859957278,0.421831798,3.54572595
2.656970637,2.378006066,0.977936055,0.125164326,0.545807564,0.197206457
-1.828156341,2.086391854,11.39226721,-0.119702683,-0.925298665,2.103028205
-6.02782131,-5.218835129,-14.06033824,-0.358518829,-1.259412774,-2.787490914
-11.44099055,-7.858421515,-11.04410414,-0.434608606,-2.27936018,-2.73531582
4.281227796,4.754520002,0.839872373,0.650055105,0.10985955,0.422801301
5.153764161,0.714654608,4.44776473,-0.718358416,1.44459143,1.332496735
-4.059631623,5.379013596,4.473047065,2.451555496,-1.418615731,-0.81597357
9.352777834,1.266542681,-5.39145428,-1.144409082,2.64347618,-0.289933753
3.651273683,4.617738399,12.43956322,0.161324666,0.803445586,2.29786477
-2.968237719,-5.99418585,-15.66689904,-1.531043683,0.022894329,-3.076449822
-3.13792569,1.300774297,8.006610424,0.405286821,-1.296835257,1.358155384
3.927301598,3.872064199,-9.765950013,1.901065826,0.86343862,-2.68869431
2.852203072,-1.68909288,-5.101411277,-0.720699456,0.916015158,-0.343583256
6.731496337,8.066956935,14.64993883,1.134781369,1.207848775,2.4447658
5.201767019,-1.29361497,-24.2807549,-0.019748651,1.978544792,-4.644204443
0.855597824,-0.253661082,-7.962707476,-0.150967107,0.063298841,-1.400116214
2.369354848,-2.408214831,-7.290699528,-0.840240786,0.79947393,-0.761524959
-3.879492564,-2.854769199,9.200850992,-0.981737156,-1.155744661,2.239522402
-2.935441587,-0.172452135,3.060746134,-0.008256413,-0.367183671,-0.071946744
-4.922601595,2.962531772,4.123741801,1.807938244,-1.767107473,-0.303556476
11.30440224,5.960589885,6.957184526,0.891090992,2.663104676,1.929140271
-6.340108904,-3.300403448,2.24113438,-0.623473477,-1.358775009,0.262263225
4.272854369,-3.525743911,-9.702794176,-1.697414503,1.511498765,-1.01201743
0.03606415,2.597585561,11.35465685,-0.086465576,0.134760901,1.64993575
4.129281705,0.326599674,-9.856175285,0.289067142,1.375216408,-1.901280939
1.570882296,0.868991513,13.32989301,-0.543323874,0.496806842,2.685594891
-5.192046846,-3.441200498,9.689098127,-1.394752184,-1.188682754,2.138313797
2.369038724,-3.796756159,-5.168308687,-1.303563894,1.135444373,-0.346349683
-7.347805763,-4.227519802,-0.655300716,-0.867376519,-1.480550876,-0.381744327
0.92691353,3.241775231,10.13784816,0.256999851,0.127311994,1.554371717
13.55968059,3.901089208,8.505825133,-1.365748201,3.096821462,2.943488052
-7.07696909,-5.813052756,-6.006991119,-1.185230517,-1.712040655,-1.121930768
-1.039587007,-4.055294847,-16.86246387,-0.698066741,0.117672999,-3.083886533
-2.180295375,0.445147577,7.766176177,-0.532838279,-0.707484021,1.261467539
0.501598326,-7.140480174,-15.02475346,-1.597570296,1.233147427,-2.269899905
-5.662481943,-3.963296786,-3.628491196,-0.496330875,-1.116563143,-0.675755772
-7.662208814,-1.855098413,-0.072052923,0.272253713,-1.707746583,-0.809733715
-2.876780463,-3.847658195,-1.677088337,-0.953181877,-0.269415023,-0.202104709
6.342504298,1.934339745,-17.40983865,1.544218166,1.18583618,-3.157818067
3.716811016,-0.911115561,-8.357909705,-0.349328839,1.266375146,-1.079187525
4.175248512,-0.954829688,-10.98301029,-1.556956904,1.5129097,-2.026620854
-0.200597764,-2.291335349,-0.468869407,-0.547148694,0.357863845,0.261636526
7.476702858,5.496513922,16.21247769,0.315548182,1.650207085,3.350089303
2.274147684,0.740715036,-12.34795722,0.200715402,0.763359574,-2.692131897
-7.143787874,-2.863397597,3.493768109,0.051344432,-1.373084667,0.050701794
2.61246976,3.900355779,-2.975062828,0.99113673,0.625621694,-1.306688429
0.247364545,-4.855387607,-10.26496125,-1.396180471,0.584211058,-1.320258885
-3.15875279,-5.161565874,-1.313010759,-1.10159055,-0.44262315,0.299896315
4.532387481,3.345812406,-0.579784892,0.380567737,0.671552144,0.025344239
-8.262103083,-5.481872409,-7.9451409,-0.22903355,-1.737163619,-1.845662051
5.195433194,0.694463163,-12.08935706,0.109653598,1.271737304,-2.025219716
2.719454257,1.781815389,-5.513401833,0.958400185,0.987630953,-1.612589553
-2.905342161,-1.953687754,-1.36042101,-0.407920472,-0.696179568,-0.23559866
7.899584182,4.494867563,0.735886045,0.19426571,2.018776031,0.080337904
-3.569487169,-2.143363238,-9.964124485,0.839925244,-0.645271822,-2.280436199
3.3943656,-2.348787775,-10.63110188,-1.337257611,0.850905888,-1.316758309
1.956345638,3.48245197,4.885958655,0.567454908,0.632064448,0.403070444
2.766855804,-2.176069713,-3.631149471,-1.753993088,1.020742737,0.02083015
3.594669454,1.459888981,1.256721852,0.68314622,1.020454517,0.234901409
-2.779408833,1.995327132,10.42777183,-0.304772043,-0.918256991,1.542370895
-5.042429035,-5.783617872,7.997703512,-2.444784688,-0.855082709,2.042625476
0.706621752,1.978219542,7.732855092,0.322918572,-0.019507448,1.444996065
9.641242278,-1.878318362,-19.79972877,-1.139093369,3.137103693,-2.851235487
-9.693043831,-2.652669923,2.169420342,0.6226126,-2.049974235,-0.628008709
-2.391893481,-0.216279817,-3.188684675,0.788784055,-0.948119755,-0.670463469
12.45206869,7.07730646,7.795079192,0.114536987,2.697139997,2.23210589
-0.309830118,-1.699589153,4.990429888,-1.361183427,-0.255377228,1.581967873
3.021957227,2.824840905,4.080603285,-0.001439254,0.449226366,0.930250599
-10.06788534,-5.563592195,1.050985576,-0.475116655,-2.401548118,-0.009443696
9.690086851,7.667357108,-6.331352471,1.646305158,2.125181469,-1.698549573
5.260799054,2.592646954,6.809791831,-0.598992447,1.314635621,1.585484477
1.133609323,1.285888544,0.082215825,0.43566639,-0.222592444,0.103879357
6.240163319,-0.451615442,-12.22182102,0.324173626,1.555760737,-1.497359722
-14.13290916,-11.83029387,2.330313491,-2.623508601,-2.501794919,0.748042572
-4.373806481,-2.896866499,0.240429723,-1.045831382,-1.188977295,0.163648588
-4.805654315,-3.727702411,-11.11550074,0.258314226,-0.624289087,-2.596210998
2.729274401,0.481597932,-6.463103128,0.074684287,1.018576158,-1.411678749
-4.230947779,-6.115219198,-9.135212954,-0.619470092,-0.911106893,-1.266733364
1.626973971,-2.268573753,-3.985870119,-0.705171326,0.585711664,-0.156903594
-10.11903553,-4.39245763,10.25592526,-0.682887131,-2.407340907,1.76691505
7.423216117,-0.932856554,-7.006212919,-1.180217557,2.52451814,-0.698493524
-3.085956316,3.644453371,12.10565489,0.475675439,-0.872845769,1.347412636
-2.995323356,1.436214314,-0.957502336,0.702777465,-0.76342001,-0.912645387
0.010883485,-3.724271151,-15.13486956,-1.306712397,0.517953047,-2.695364125
-5.480870762,-9.745223897,-9.225655586,-2.230005152,-0.546301699,-0.749424519
9.964393309,2.318687737,-13.96496725,-0.050526075,2.421885959,-2.01978638
2.228995931,2.608110026,6.152843082,-0.255123169,0.201821065,1.201852659
-8.070127885,-4.990687441,1.458796034,-0.62021827,-1.94050189,0.219282794
5.522201642,4.493599075,4.10389676,0.108299855,1.278115215,0.643820996
8.107684324,3.816041729,-5.434058587,0.964362524,1.711758396,-0.709863538
-1.985738589,2.136030005,9.517271855,0.910376257,-1.179024565,1.66534774
0.514522999,-2.388763246,-6.737548137,-0.299355398,0.274717176,-0.877326038
-3.545333054,0.624710376,6.258670058,0.1248402,-1.011912381,0.839262379
-8.412058196,-5.522896924,-10.72087551,0.326899274,-1.556537159,-2.54051989
-4.405188636,-2.703980168,-0.156124065,-0.133016492,-0.609587665,-0.578010035
-5.498699041,-1.9280651,8.794198555,-0.69079819,-0.897945521,1.144898686
2.340309045,-0.862353641,3.913951111,-1.056813106,0.988724022,1.124796167
9.485570801,8.804376477,-2.698832009,1.921437221,1.774319052,-1.033302221
9.814146357,3.843944278,-3.292624113,-0.059519338,2.460384945,-0.186861015
-0.076872175,-2.763779726,-4.680553592,-0.431143401,0.35556154,-0.517797812
-6.723284463,-6.594388134,-3.046998994,-1.461115368,-1.336580317,-0.119933629
3.761163922,5.876395222,-2.487602602,1.444094664,0.536811328,-1.261944302
1.214554806,-1.034828879,9.827754904,0.049794539,-0.06601606,2.822608421
-5.269385976,-4.027610946,-13.96860087,-0.002686325,-1.241025182,-2.766699505
-4.854676587,0.843534175,10.14533294,0.442613109,-1.431751378,1.59970624
9.17287077,5.379809544,1.510808979,0.814694034,2.092893963,0.477713569
7.480336609,2.62293218,-16.16731088,0.814210645,1.858673155,-2.821125937
3.749573574,-1.810612292,-22.21952276,-0.329970665,1.701483729,-4.2999339
-5.862003772,-4.066403881,-5.330861936,-0.843403155,-1.189706362,-1.026554054
6.358238381,1.814586112,-8.470554612,0.163441398,2.098119103,-1.696985401
-0.75175952,0.094575329,-8.453170405,0.564084638,-0.044987584,-2.141119687
4.252913854,-0.322004051,-1.634814399,-1.089848881,1.296027017,0.140622439
-3.042769502,-5.725869018,-20.03175452,-0.639122272,0.101862477,-4.040117218
3.363140689,2.451219576,0.466297549,0.730715726,1.053374219,-0.406529851
-3.067179386,-2.337649222,-9.815469038,0.334197299,-0.85207311,-1.819090657
-5.493702598,4.565790718,16.50696617,2.114664882,-1.862709895,1.976487258
4.716055922,1.811198141,1.117791511,-0.544978525,1.287825365,0.326302178
3.676209772,5.617130591,10.28933791,1.052475529,0.487031039,1.617820848
-4.139097473,0.391445354,-2.616026028,1.066491013,-1.28381492,-0.842171728
0.766107048,5.399489726,14.80255664,1.159690864,-0.311143769,2.18805199
1.358330402,-1.663046394,-11.5849901,-0.646066793,0.467984459,-2.006659105
-7.089720909,-6.370348022,-12.9739689,-0.78637809,-0.938229242,-2.68378582
-5.05286235,-0.700542905,-1.941167482,0.294926232,-1.553615968,-0.562463953
-2.219975447,0.36740952,-1.407150349,-0.048069004,-0.741762375,-0.611316105
-1.982313762,-3.15916444,-3.772417502,-0.503658038,-0.366150845,-0.20901556
3.314977472,3.053436506,9.600452187,0.419209812,0.939019995,1.513711877
-3.007817752,-2.496795211,4.117619664,-0.582674892,-0.842064841,1.270097819
-8.371476559,-0.712438836,9.837240799,-0.092201796,-2.756113665,1.626664341
0.200079201,-0.344371899,-14.01694076,0.510953478,0.41633754,-3.143416508
4.635113597,2.152891175,-2.710088016,-0.030918277,1.05956797,-0.193709316
14.73308336,8.419835222,3.960567409,0.763374684,3.320157106,1.111648878
-0.718179524,-0.224871961,-0.985593377,-0.882650783,0.007560431,-0.538828037
-0.561540907,-1.239414944,9.547679429,-0.645835258,-0.095721982,2.375851374
-7.707516589,-0.404298819,2.966057808,0.916975501,-2.190568759,-0.126062388
-3.80821998,-0.463387308,-3.946638647,0.832011566,-1.228489535,-1.185712279
9.11004206,0.858844354,-13.2510999,-0.378252074,2.40019299,-1.919848511
-3.632473138,1.239014066,-4.97227769,1.609196447,-0.962945957,-1.808763314
1.834133082,0.048611879,-0.03608086,-1.027382546,0.493666837,0.17108483
-3.369229504,-5.23969412,-3.748556911,-1.466065878,-0.03728935,-0.534880452
6.021368798,5.383168848,13.18472738,-0.279661953,1.394973595,2.318785172
2.081787282,-0.393557182,-6.639757582,-0.133500656,0.726175414,-1.13120132
-4.938527064,-6.609959829,-9.320344299,-0.955739692,-0.561987292,-1.474318368
-4.17422359,4.234332576,19.80024363,0.624101407,-1.51792823,2.969368107
1.991159583,5.490034748,25.36483209,0.628954206,0.242151249,4.405321506
7.94706205,3.858172875,-6.110445119,0.945634909,2.120766854,-1.305075819
3.679839819,-5.245175965,-12.12497913,-1.876576892,1.127381967,-0.949032052
4.220178441,2.386178589,-5.659789105,0.382113273,0.824948674,-1.089308933
8.333173714,8.146646554,13.29259558,0.411890713,0.996223649,2.829461682
2.26598034,5.318178848,12.27353427,1.041910348,0.289679857,1.996853755
4.691174138,2.760378995,4.940516224,0.28592234,1.165746398,1.03129732
-10.08591183,-7.094357654,-5.981980675,-0.855635972,-2.123740805,-1.372673482
-13.01627562,-6.790583502,5.357196734,-0.660887848,-3.126371063,0.813786669
0.679501585,1.756187223,1.629814499,0.083667642,0.177407018,-0.018331751
3.158523844,2.413445237,-8.55439298,1.160340618,0.581332239,-1.789993536
1.813906883,1.350917743,6.31723319,-0.485750745,0.681296754,0.997774383
6.70237778,0.673116658,-2.05420336,-0.647571028,1.805372966,0.185989897
6.550778646,3.126690329,3.200101873,0.566622037,1.704060629,0.648252251
-3.409623536,-3.47030448,-0.957078853,-1.192598373,-0.627887052,0.102239316
-7.12410284,-4.675547091,0.798920401,-0.125312892,-1.654666527,0.367225275
-2.301041709,-4.48224829,-5.964842649,-0.641536286,-0.190962259,-0.769127419
-4.044617242,2.574733065,16.92502115,0.313426003,-1.324468857,2.704929455
10.12683806,7.052318476,-0.370617529,1.289309368,2.12197672,-0.122614128
-2.854282664,-3.238911053,-10.87072559,-0.164434507,-0.501048814,-2.15911449
-6.0183839,-1.667245105,6.444100395,0.046151951,-1.845285911,1.070904281
6.219300541,5.329626798,4.73662722,1.184231089,1.197387826,0.803411285
7.6742887,4.067068698,9.029817593,0.209254243,1.814395589,1.976971586
1.514339173,-3.352660792,-19.18436454,-0.721884142,0.741621722,-3.464155474
-3.899568425,-2.457511409,-5.995155296,-0.141767548,-0.530706726,-1.489153758
-2.703235431,-6.960650626,-22.87640167,-0.730135708,0.088780707,-4.213604957
4.36807007,2.914719224,3.637945732,0.380399483,0.747842734,0.915653355
1.224832862,2.807452715,10.61507552,0.599069256,0.387524446,1.715858764
-6.780066801,-5.360650665,-6.286894271,-1.348547822,-1.124342105,-1.515991569
1.458125528,-4.126950333,-2.543806267,-1.026436318,0.284572867,0.790247443
1.35922289,4.744439983,2.42712675,1.801502929,0.019039106,-0.213546787
7.63994371,3.252926156,1.835294873,0.088991738,1.543983112,0.893858163
3.413097256,-1.213646349,-7.70553019,-0.554293482,1.040941602,-0.870065396
-5.880741342,-2.054052033,5.056785179,-0.150547845,-1.595499188,0.832591026
-0.866417365,-8.785967513,-16.23529213,-2.490675149,0.514090759,-1.809192004
-4.183314377,-3.67648922,-7.115161095,0.069472193,-0.702889402,-1.598380213
8.668035865,8.292487374,15.37771629,1.395557666,1.904974717,2.799293843
8.216869908,-0.910347161,-13.34512507,-0.552024692,2.509553082,-1.801469116
5.103041377,0.656970669,-6.10489002,0.310767563,1.493092631,-0.901433793
-3.776125136,-3.724840075,-2.454351703,-1.296143132,-0.588347758,-0.504864129
5.591073589,-3.524732205,-13.72098997,-1.215783081,1.996581295,-1.707896224
0.343694501,-0.357907313,-3.1053846,-0.074844564,0.163760481,-0.611844573
0.115645344,-1.205290218,1.360068773,-0.35497835,0.376385516,0.214665117
9.217647052,7.59106279,8.100581365,0.711206076,1.92865333,1.440406207
1.791751951,2.96982951,4.549378916,0.902318596,0.009921925,0.670295334
-0.970809029,3.832864883,5.077915739,1.245297871,-0.473431677,0.126634877
1.640613269,9.8829711,20.41832829,2.109856284,-0.920936279,3.214073561
0.148870837,1.656770477,-3.513120221,1.073791863,-0.235323339,-0.970213881
11.55909984,7.922417779,-3.058596892,1.193138471,2.539594609,-0.729953579
-4.190505205,-0.867818875,-6.331950814,1.282512379,-0.615972596,-2.205362851
2.250841409,4.204554689,-3.367012755,1.837461774,0.534120492,-1.431512157
0.438754889,-1.80159596,-17.74110237,0.437638461,0.550233244,-3.642313726
2.204074482,5.239422225,-0.079314995,1.730091138,0.30161921,-0.936695306
1.526277744,-4.02615675,-17.74294011,-0.655543911,0.786333122,-2.877109567
3.81010996,4.617524389,2.653169235,0.929616449,0.312956983,0.311845567
0.891641549,1.932755022,0.043027028,0.477710907,-0.08366153,-0.185743979
-6.699608737,-1.331024561,-2.275499583,0.93931556,-1.799312731,-1.042747235
-2.042409093,3.061445696,7.335875623,1.472117966,-0.73817947,0.740292703
13.22395385,10.37192171,11.89221168,1.600616641,2.3367812,2.617152205
-2.270087192,0.288041319,0.451827851,1.013857641,-0.409349112,-0.398106091
-2.528680692,-1.321449873,2.551610878,-0.442434014,-0.084467632,0.118208319
-6.57969126,-4.030518335,-9.841361671,0.132035686,-1.39396103,-2.211881404
-2.390882233,5.098329033,14.7189614,1.357305141,-1.198191373,1.896823848
-3.751484053,-1.491787566,-6.135431732,0.179755789,-1.037165533,-1.368963391
3.004874421,4.718238646,-3.927744191,1.15113046,0.641682488,-1.561297898
3.492126554,-0.760312235,-4.287872311,-0.695159317,0.93476325,-0.271655182
-2.740532382,-0.995376162,1.313489264,-0.207235612,-0.691388538,0.034500773
-10.07356024,-4.842963611,12.45728403,-0.636933023,-2.233512992,2.230543337
-2.766592055,-1.896939398,-16.75075406,0.557175254,-0.361933752,-3.677091427
1.566401095,0.263370687,-1.990003589,0.089403418,0.250688447,0.030515551
4.716488931,0.965218114,-2.788611867,-0.075063543,0.632270588,0.175408459
-2.789318706,-2.643544661,-1.862564979,-0.370351717,-0.073730406,-0.58618968
-3.85284355,-1.474213487,3.400341311,-0.550645699,-1.096373606,0.73454573
-3.90798474,-0.940240805,-6.057691705,0.129088044,-0.858983775,-1.768843908
-5.719166251,-3.928815046,-6.337284516,0.102610766,-1.348641055,-1.440968736
-8.582785841,1.344868257,-0.285042136,1.40377838,-2.830256551,-1.033891863
11.04495492,8.211249056,6.366995314,0.652324351,2.20488959,1.339830657
4.513925826,-2.194914713,-2.45743549,-1.580329398,1.592344185,0.423508182
-7.341392781,0.58105771,19.17309174,0.436182362,-2.30405816,3.230719739
0.626700019,0.273195096,5.346462063,-1.040769292,0.175470429,1.009293327
-2.250828236,-0.572336071,4.969438567,-0.118763232,-0.153591649,0.554354804
2.650430743,4.163188176,-3.443171679,0.912286829,0.610763009,-1.557048688
3.045862625,-0.918447717,-3.426223923,-0.024866014,0.816178445,-0.142659081
-5.524034208,-4.802598282,4.378640709,-1.482543444,-1.107073203,1.059939872
1.794919755,-0.704936012,-13.13694936,-0.162983382,0.258406394,-2.115365889
-8.260310514,-4.523946639,-8.208929795,0.143317053,-1.507364959,-2.333209716
1.13532065,1.898583738,-2.412318185,-0.185282547,0.340686577,-0.853134553
14.70340961,7.998777177,-6.534540756,1.159536691,3.617384113,-1.201180891
2.446979925,-2.387758488,7.295059902,-1.261110803,0.639529227,2.52811672
10.85921603,8.312287285,20.44190034,-0.336546397,2.155475109,4.409517948
3.237354893,-3.815626739,-0.405877922,-1.548332804,1.054340985,1.14027196
-1.971095655,-6.059483574,-11.0009342,-2.460442538,-0.155703055,-1.451261478
-0.845542878,0.37492723,-0.198299711,0.384870582,-0.62582211,0.204055278
5.445300495,1.564449573,2.609055145,-0.440275903,1.298873052,0.816409103
-0.108163968,-4.893008785,-10.64570682,-1.150192202,0.651455991,-1.593710398
-7.531917046,-7.528656344,-13.53932151,-1.304934135,-1.245281678,-2.482743721
-1.442092888,0.334644868,12.1142475,0.003248156,-0.038984437,2.055142369
6.369557623,1.867934411,-13.92821539,0.524756133,1.761649136,-2.58498081
11.49293365,0.827424383,-8.990346364,-1.228951168,3.330871536,-0.835234009
3.833091456,3.441563809,-4.369300082,1.098666972,0.580653529,-1.022301324
-2.31689241,0.602186864,-8.630886302,0.837269479,-0.769877126,-2.050745558
9.278274623,6.553035151,5.522847141,0.553540636,2.025770665,1.12433724
-3.299275922,2.48053544,9.018925135,0.457374743,-0.968642487,1.003458168
1.965523175,-0.078867085,-2.233462053,-0.464175439,0.601813505,-0.358983577
-11.17236597,-11.59047912,1.568326663,-2.531139777,-2.055536039,1.11999381
-2.554213569,-0.924972921,-2.842136684,-0.117745126,-0.424392384,-0.893714149
-1.176097958,-2.088038682,3.582111861,-0.718772539,-0.35488633,1.237988856
-2.875273121,1.217778611,3.34884973,0.217521959,-0.854775408,0.037286647
1.134719042,0.111837757,-6.982012136,0.498059708,0.170375775,-1.193618923
-3.411748627,-0.933635934,-3.838044653,0.444760814,-0.747357671,-1.160265664
2.808700164,-0.485866143,-10.2016702,0.195692172,0.641177556,-1.514574927
2.339365581,2.84214841,-1.597996999,0.467426994,0.24674908,-0.528487535
-7.289168637,-0.691297257,3.122019747,1.416134049,-2.00134357,-0.057159757
-9.262940516,-6.317988043,-7.35778533,-0.656615596,-2.180361633,-1.393981105
-5.376812866,-3.975868237,-4.436601758,-0.531776912,-1.120604219,-1.094358987
-10.28925484,-5.242623836,1.420193299,-0.727549459,-2.133121487,-0.107510885
9.052802196,5.490491947,-3.201990483,0.1958384,2.398125652,-0.80069562
3.626462186,-2.312641539,-8.856820511,-0.434191416,1.276159625,-1.067143473
-6.790969105,-3.201493184,-8.031968468,0.194939868,-1.60454934,-2.026516893
5.281665127,3.216651375,6.45661195,0.412056885,0.678977938,2.006157543
11.32609644,0.71338204,-8.714483301,-1.118257385,2.700240786,-0.194997271
4.468471714,7.025185185,9.746745421,1.232086106,0.603884116,1.454757548
-0.1623158,-2.183907902,-0.249872203,-0.578681056,0.401023823,0.16659071
7.014566893,5.104135191,-1.180097292,1.07971883,1.498864716,-0.32910407
-0.760653098,-2.914723856,-8.895716466,0.177693912,-0.438430636,-1.058291237
-0.229543006,-6.702932037,-14.25636773,-1.466315278,0.462674621,-1.759080303
6.987991067,4.953158142,5.125892756,0.813520406,1.430346581,1.035343625
12.30773362,11.63115408,17.58534006,2.184604794,1.996630308,3.461151647
-0.779116174,0.390390405,3.699594877,-0.137261531,0.05993179,0.239406289
3.9359864,-1.253886203,3.341440082,-1.581914535,1.686311737,1.188091154
0.106043892,0.883200579,2.928214213,0.092456739,-0.068054632,0.418403244
-5.513683809,-0.629054271,13.88933821,-0.372878246,-1.851797164,2.632380581
6.185652449,0.84784579,10.75536746,-1.778677749,1.415045839,3.357149316
-1.188790336,-1.907541055,-2.026020316,-0.367651137,-0.028749388,-0.274710992
-6.227310236,0.366164746,9.267396667,0.620923952,-1.62251772,1.081610516
2.740429544,0.372670226,2.10710252,-1.191866986,0.666913892,0.718931226
0.096108692,2.299952365,6.912078715,0.760889132,-0.200265017,1.065431046
16.48213188,5.044740551,-9.287336879,-0.313007215,4.183607808,-0.930647685
2.915806133,4.61116537,3.377220508,1.735411553,0.160446329,0.601564934
-3.742734901,-5.183934575,-0.69524203,-0.720160034,-0.243657477,0.127827017
0.127382952,-3.357888721,-6.736323987,-0.880191845,0.438786632,-0.950694588
-0.055843847,-1.110981869,-12.09117657,0.244986606,-0.08631519,-2.241373513
6.185611508,-3.234711072,-9.88417595,-1.471772384,2.006978198,-0.820441504
-0.374434506,-2.979945272,-5.641292938,-0.886535547,0.357105837,-0.934923633
-5.734447089,-2.372983113,-8.462465659,0.363297689,-1.310223023,-2.21853558
-7.421300799,1.302860742,9.030215077,0.861317946,-2.229584337,0.77193577
2.851085656,-1.793021333,1.650932838,-1.430224318,0.86442006,1.112999787
2.248731056,1.860832461,-0.365611944,0.106457259,0.548557931,-0.400565826
-4.135383218,-5.732812184,-3.358724674,-0.92543487,-1.054437459,0.157581726
7.492979437,4.448346439,4.562408344,0.415450459,1.596774918,1.155873758
-8.695993661,-10.90926346,-22.76028368,-2.232497589,-1.147865426,-4.194484313
-0.544671206,0.419831434,7.853937083,0.076999151,-0.271419367,1.695267122
-1.818732884,-1.747970047,-4.463876219,0.129638575,-0.177466387,-1.116708447
-7.629000546,2.245237754,21.99392806,0.809403645,-2.792001674,3.63998434
-6.281720206,-2.46324925,-2.13924432,-0.269675476,-1.751837697,-0.650409089
-0.992926109,3.711655185,12.75534867,0.985713611,-0.705060424,1.723786197
7.91183695,3.689056303,-2.319029333,0.630986412,2.235695916,-0.443325895
-7.01767675,-3.711677468,7.113489093,-0.431749325,-1.859825562,1.42774152
6.185828638,0.532901714,-10.34383019,0.55402053,1.704081352,-1.62746919
-0.525138632,0.718847593,-2.12218906,0.516657437,-0.198536325,-0.676181391
-3.32914536,-0.30991735,-13.97008755,1.5126218,-0.258482016,-3.925837731
0.853782993,4.706386729,7.320306948,0.647197284,-0.15705193,0.85202093
2.900805346,-2.719692059,-15.56524786,-0.406151424,0.85132282,-2.364448179
-1.005003805,-0.448662403,-15.39437116,1.166433141,-0.395000399,-3.295357508
-6.290011032,-3.000615512,13.24062902,-1.01467735,-1.679996305,2.670659827
-3.918944193,2.391201045,10.08246024,0.105943775,-1.341225257,1.228589823
-5.001313561,-3.190403636,3.879412931,-0.815234842,-1.739192902,1.330358331
-6.30299825,-2.477277658,8.895882107,-0.344927649,-1.565006614,1.473811457
3.020779231,-0.802271904,-7.593979975,-0.63379185,0.780970784,-1.06362658
9.440227529,6.425587095,-3.339909091,0.767521109,1.561072524,-0.277783542
-0.002459675,0.430985578,0.062200431,-0.717431103,0.196285303,-0.24034725
-0.038431974,-1.085107793,-7.09522354,-0.227974623,0.110241855,-1.22691767
-12.80314589,-4.270944814,5.13080936,-0.252473164,-3.094720546,0.257847776
-1.71257631,-0.440749204,-3.452806561,0.139865101,-0.056538585,-1.131697457
-4.621351373,-4.524594937,-3.706681616,-1.184405137,-0.574674492,-0.774078293
-0.47086925,-4.247294373,-11.17626818,-0.484405927,-0.002743194,-1.425192999
6.810329341,4.802048515,3.589016684,0.237927028,1.517311197,0.704679601
-4.761983004,-0.765424423,15.04684353,-0.888744772,-1.174979024,2.821345885
-3.63616432,-1.662742087,4.387277288,-0.262531272,-1.116026077,0.790060214
1.449679938,-3.152190109,3.328935114,-1.121172956,0.471000874,1.587087069
3.380665869,1.642668772,8.948182206,-0.544362017,0.481171571,2.246474444
-1.178541305,2.720102548,-0.884830238,1.295696358,-0.620634505,-0.762559627
4.952428772,0.406265555,2.632488299,-0.923465563,1.791955588,0.766859678
-8.912490339,-8.26158904,-19.60434457,-0.977637481,-1.736759685,-3.780780332
-0.146853625,1.77736165,11.56515453,-1.030307877,-0.144806161,2.185299357
-3.404703635,-6.52526567,-7.420790193,-1.254435021,-0.506248953,-0.664663151
9.506188353,10.20889147,18.12820566,0.943953153,1.778154644,3.294203333
-3.256362615,-1.391240753,-4.624778609,0.55408858,-0.891502213,-1.016141054
-6.171711883,-4.531901721,8.64535274,-1.279215895,-1.247140213,2.01731672
3.412472628,1.043993862,8.706878254,-0.619075422,0.665692844,2.282254317
9.703490537,6.326691615,-16.37675,2.445203789,2.012409963,-3.394245128
2.837728605,2.342095855,-1.219285875,0.417995242,0.572786173,-0.279845961
-3.173508029,1.760547127,14.27447732,0.442679143,-1.260467716,2.612193298
-1.122647961,2.021526452,9.239412421,-0.241463259,-0.341605915,1.206653815
-12.51516027,-2.696684716,10.81925271,-0.118103848,-2.700255347,0.867175701
-3.033918151,-1.847970403,-1.424902988,0.434495892,-0.032048851,-0.902966437
6.408724041,3.522084786,6.585547057,0.10533926,1.221839076,1.796471502
-3.847737765,-8.117701668,-1.583932327,-2.488912764,-0.541868823,0.851091449
6.392844073,0.573578509,-1.463807305,-0.74431228,1.29186383,0.88212327
-5.978428625,1.714536134,0.222098857,1.684076717,-1.781356076,-1.043854152
-1.031345746,-0.671653779,-1.382028384,0.113595396,-0.085595735,-0.428404185
-7.335350279,0.759395458,5.210700631,0.87158358,-1.986395853,-0.005639529
-1.376966637,3.524495012,18.77004204,0.014952085,-1.078294914,3.522084394
-2.368201957,2.669564111,13.48940469,0.37087456,-0.941096439,2.042401083
-4.303223402,-9.989092977,-14.00686275,-1.581183211,-0.329849413,-1.725755322
2.392394888,-3.500339492,-4.956746931,-1.418338548,0.664836734,0.047479338
8.680832689,1.002791323,-6.075966529,-0.24074645,2.465208707,-0.284072613
8.611221195,9.663095776,8.855324304,1.669600005,1.452235287,1.298653024
-4.675932834,-6.179341964,-10.1819278,-0.751101919,-0.786523058,-1.740952953
8.504299169,2.085374586,-8.679873562,0.358873119,1.91605274,-0.983983875
2.262757299,-1.367921795,-3.493433843,-1.778620572,0.745515051,-0.173035229
4.194861335,1.645007277,3.936557771,-0.709283372,1.215090998,0.934054654
3.867557518,-0.055101742,-16.19018018,0.335822325,0.79321899,-2.874301095
2.010376233,1.147384087,-5.082096962,0.550299985,0.80747576,-1.35491339
8.797848326,5.208991871,0.846865089,0.226675431,1.640049899,0.608938771
-3.484296524,1.870619033,13.9945975,0.558395603,-1.315565675,2.403865769
-3.151327681,0.637076757,8.291849868,-0.101530854,-1.034424517,1.193005699
12.81209938,1.429485219,-6.970968404,-0.468777951,3.320835661,-0.00241576
-3.81443335,2.841448405,12.84055522,0.545222717,-0.952799042,1.456750096
8.901322184,2.045371197,-9.289569754,-0.499061398,1.864478075,-0.869933094
-4.181962487,0.318504098,3.458289836,0.294394595,-1.751705025,0.643973989
2.163019956,2.634704683,3.829473959,-0.075015227,-0.072361623,0.957536083
-2.633250225,-3.064126301,-11.93788533,-0.268499721,-0.187376501,-2.591543082
5.402312715,4.139297849,-3.258453042,1.017376168,0.835293624,-0.389054383
-3.751339142,-0.779604629,11.38003316,-0.04202317,-1.302955156,2.491498512
-2.726271283,-1.773752401,-17.16325852,1.143594785,-0.560816647,-3.729232117
2.418049811,-0.47860141,-2.681434014,-0.868606074,0.558884464,-0.15693255
4.988603744,2.853146804,0.59070245,0.649569778,0.799071118,0.467221533
-1.144573731,-2.797656904,-7.789477297,-0.445480165,-0.103982131,-1.495003061
-7.729087525,-4.975907361,-7.655304548,-0.48426297,-1.658326715,-1.789186077
-8.562151046,-5.70230971,1.762557739,-1.241904668,-1.707456882,0.483334712
-5.178545597,-5.690466097,-14.1292043,-0.388023899,-0.81880392,-2.734555254
0.682184582,-0.846790688,-1.596671977,-0.29417583,0.520783064,-0.147681658
6.683757168,2.451008529,7.71668302,-0.252888198,1.74530287,2.141473452
-0.56887232,1.585496854,6.20598099,0.414025315,-0.199619942,0.881755546
-4.256280968,-5.569583062,-5.358837431,-0.502102804,-0.552129557,-0.766658963
-4.315433124,-3.158018687,0.282429924,-0.130911837,-1.034120453,0.262876202
6.187128609,1.343511235,-7.169178923,-0.299259116,1.391317252,-0.904789698
-3.208698031,-0.292149594,5.663594879,0.157874075,-1.142812694,1.172108455
4.052860649,1.467307448,-0.688343003,-0.80214156,1.302984637,-0.115603111
3.464121243,5.0043228,6.529409811,1.287199944,-0.108403317,1.377990762
-24.9856244,-12.16921311,0.326397027,-0.533315599,-5.646007605,-0.998974768
-2.18561886,1.435266511,10.65470642,0.501922381,-0.404958254,1.563625134
2.273425037,3.659984876,6.066292822,0.673689464,0.206328882,1.031468361
4.595325915,-0.768421961,8.953805712,-1.145918654,1.112200013,2.848830941
-0.823447234,2.521099741,7.17044178,0.845066808,-0.464446219,1.032616184
0.583484045,-0.05560445,1.521599373,-0.160372336,0.174839282,0.443340049
-4.554712327,-1.210464216,7.296392027,0.357759568,-1.108893943,1.209737658
1.926811353,6.544923942,12.46682911,1.099401744,0.038666629,1.666073652
7.053361619,4.811374366,-2.705283396,0.673004889,1.763748429,-0.8303274
-15.34238653,-5.700085618,0.100616539,0.016552511,-3.560591634,-1.094824478
-1.834291064,-3.57479893,3.19625055,-1.124172936,-0.507590297,1.514260934
-6.390591227,-3.33999316,-6.991925312,0.10396131,-1.432700205,-1.757730521
-4.6314154,-10.80355027,-17.36121567,-1.622197131,-0.383317754,-2.324447437
4.669288553,0.123883883,-10.3745703,-0.08543754,1.010453942,-1.367879653
2.424548292,2.123849915,8.606960115,-0.542685347,0.887670752,1.405601833
4.920976502,5.195477699,9.44699196,1.170704959,0.98342516,1.695676432
-0.777670591,-0.851438043,-5.880207104,0.16449434,-0.207515419,-1.030299287
-12.47083526,-6.307684942,9.346537969,-1.029035582,-3.006333047,1.736246775
3.49524842,-7.289159761,-16.16701852,-2.501649938,1.524273452,-1.633519168
-2.127720594,-3.552573314,-6.916772857,-0.862359283,-0.264459657,-1.204995281
7.756086947,1.659577508,-6.751113228,-0.493608421,1.926629151,-0.869564245
-2.358820063,0.419732561,-0.95474834,-0.716153439,-0.845688211,-0.440787732
-4.308704258,-1.489307934,4.524502496,-0.187867553,-1.261541542,0.970230981
10.90781667,8.020480278,5.971783833,1.034478637,2.313339739,1.201398267
5.98524475,1.058004799,-11.62358031,0.536741989,1.674051953,-1.975838311
1.394361594,-3.04261685,-15.52158651,-0.446424347,1.256942905,-3.081661748
7.104180561,4.406107843,3.423089323,-0.133401405,1.447485171,1.166103798
-9.982708229,-8.437619254,3.146601004,-1.198408796,-2.028704584,1.11653565
-4.944165642,-1.344122122,-14.46900011,1.167538613,-1.395737031,-3.237147631
-7.715165332,-3.421128297,3.2111339,0.282970614,-2.014178559,0.597291663
-1.119571133,-1.66717962,-1.200747225,0.104372136,-0.345934852,0.076081193
15.24172855,7.602215699,-2.742499059,0.512467824,3.408626646,0.164535355
-12.24522964,-5.969981588,-1.339137163,-0.123837543,-2.76987176,-0.768542294
9.648281489,7.30270165,4.475945159,0.853781333,2.056008075,0.905525421
0.419590725,-1.117399986,-1.221667289,-0.626418791,0.074865396,0.19544359
7.874673025,8.675617866,2.970107619,1.881865617,0.806876294,0.46310055
1.441491448,1.849415384,22.38009347,-0.789069384,0.353030323,4.406969888
-1.222005935,0.822899458,1.452439854,0.085177352,-0.124028208,-0.285859397
-0.797963416,-6.664969844,-17.8388065,-0.736672229,0.4928971,-2.866181459
-9.384503612,3.052747441,19.09641968,1.961328915,-3.192702276,2.576781984
-3.720346874,0.37335431,3.851321352,0.722163008,-1.098157055,0.175056586
-6.84241026,-8.229699633,-23.15373416,-0.323905334,-0.913523033,-4.621149235
1.95422383,2.418594097,3.400502623,0.59276281,-0.495024881,1.317315287
-1.052609945,1.035928545,10.45967423,-0.112347479,-0.249691388,1.777102237
2.346078024,0.651279394,-2.913194572,-0.177404732,0.368736385,-0.23690465
-1.053388518,-3.518115555,-13.74863614,-0.191737128,0.168607201,-2.764239993
-0.505248641,3.382767405,-10.27977308,2.25102699,-0.794543435,-2.462972131
-7.460438899,-4.052630281,-7.836416712,0.119552351,-1.565850289,-1.975173135
-2.233012269,-4.331718739,-4.141997149,-0.42990398,-0.518914174,-0.291443769
2.105877428,-0.887598382,-10.75269656,-0.743257086,0.133974186,-1.320726619
13.96396503,6.187316099,2.635528987,-0.18934205,3.327334603,1.328027606
-5.537872866,-2.127778529,0.661540886,0.796748414,-1.485513792,-0.098671208
-4.356000637,-4.944406423,-9.316962484,-0.926935001,-0.727077954,-1.592081722
1.353205801,1.401562129,2.036861344,0.413854046,0.330914738,0.367747124
1.325702338,-1.862452179,-5.234669374,-1.327913652,0.859303058,-0.747379957
-2.496000933,-0.531523506,-0.394891898,0.579372523,-0.470550837,-0.590765562
-2.173268351,1.710266707,1.14950505,0.961260662,-0.99194356,-0.120484602
2.418020663,1.400404503,6.184035555,-0.680030793,0.527289271,1.498725139
-1.940616043,-1.462030826,-0.449520989,-0.700629944,-0.627254401,0.236525804
-4.409533211,-4.575508847,-10.92401614,-0.828829447,-0.863031708,-2.04204549
-5.977374859,-4.222344742,-7.371070655,-0.110108075,-1.661493708,-1.494617787
-0.75084399,1.730924221,-2.206567452,0.874582858,-0.034532662,-1.144686817
-2.184964077,0.613583568,7.421815329,0.445671606,-0.978207128,1.558186844
-1.970710095,3.72610347,-8.759608155,2.09374801,-1.40490418,-2.395565072
-0.819691286,-0.443114146,-11.30771174,0.062454202,0.329060291,-2.96131468
8.937528638,1.182827335,-10.89129529,-0.120368497,2.066421442,-1.11649039
-0.237234888,0.153713402,25.40113158,-1.382943205,-0.663082693,6.024375829
-1.742725002,0.231173203,-10.70170882,1.050108708,-0.152311367,-2.799291658
-6.356498008,-3.797028924,4.155734527,-0.947252567,-1.802788553,1.193569073
-14.25183447,-7.403986062,4.24323471,-0.884171071,-2.976410915,0.115107141
-3.221384409,-4.12582628,-18.52231524,0.330275158,-0.239495433,-4.020612151
-2.939974712,0.653818225,14.86455092,-0.288744084,-0.696646464,2.724716443
2.328434357,-1.642239203,-9.620303165,-0.04713194,0.625562415,-1.444663616
-3.031475319,4.018170219,5.614048813,1.919414851,-1.0563329,0.046437063
-0.684895348,-0.732062175,4.371524501,-0.630417245,0.1366173,0.70068515
7.70821568,2.058081342,-0.450147019,-0.334253602,1.919649361,0.462209857
9.427977957,7.501905445,15.62226483,0.184917447,1.840189778,3.232235021
1.821494915,5.077421703,21.5007977,-0.067356032,0.165693083,3.681055284
4.678071858,0.368822982,13.98609399,-1.455289671,1.313093047,3.623126531
4.789655412,2.757629207,-1.767667954,0.596652823,1.368402975,-0.603887692
8.455495478,1.548783846,-9.729828958,-0.177602549,2.444488208,-1.523250869
-9.079527984,-6.329872076,4.871800655,-0.836279757,-1.891494911,1.05911596
7.636076317,5.563099201,5.64121359,0.047836146,1.271603086,1.470154382
-17.26851491,-1.355961113,16.26721958,0.821057361,-4.577586244,1.549047953
11.49785909,5.252688639,6.930863299,-0.241511688,2.549544678,2.169293507
13.20095688,6.293415946,-4.117798683,0.703305661,2.77011903,-0.075188091
-5.45617226,-1.036184221,5.645846916,0.250114174,-1.591398609,0.96573126
-5.26730628,-0.738122587,0.857028001,0.447701334,-1.102892264,-0.599357652
-7.157913224,1.711827327,11.9730154,1.260798262,-2.409092851,1.561351372
-1.904058564,0.955443036,13.69856149,-0.477703307,-0.364895887,2.253299316
-7.828316848,-7.681968452,1.660794838,-1.686787332,-1.322986006,0.706981949
0.50462586,-1.888560389,-2.878974784,-0.963747899,0.398640053,-0.3162022
-3.013986449,-0.202766665,13.09504699,-0.217462798,-1.274401919,2.854771062
-1.317822119,1.416819132,14.26903966,0.030799808,-0.541472384,2.62892168
2.86929269,1.453835264,13.50613198,-0.540621143,0.63209676,2.99284111
1.855690692,4.923143291,14.65529893,0.695453258,0.238656003,2.485051215
1.577068645,5.330958832,11.69964595,0.72031073,-0.164264278,1.924049831
11.58134313,8.217892696,0.543436552,1.208986724,2.23139991,0.440597239
1.039601362,-2.823694325,-7.09289914,-1.061119053,0.800372196,-0.903224995
6.588533219,2.56566898,-4.304278508,0.364803851,2.004833101,-0.830146618
-1.199094461,5.900256428,16.22123123,0.69791921,-0.817384228,2.278874519
3.545022549,-3.59752633,-7.825494221,-1.212100242,1.024454006,-0.462245608
-13.62016603,-9.247232411,-5.335169209,-1.345764671,-2.581460091,-1.522082212
-4.190014918,-4.417521956,-3.870563042,-0.75716261,-0.924691381,-0.473735647
3.995937275,1.881620902,3.610880123,0.802228016,1.085746868,0.563445673
-0.513470507,0.553588259,-1.084307392,0.282095995,-0.122720887,-0.601074323
-5.994102044,-5.779491776,9.346451776,-1.525725548,-1.111739334,2.32265087
-3.423278213,-1.174352476,7.769920865,-0.337456816,-0.991796618,1.636217219
-0.063247744,1.859932332,-5.820941827,0.552542234,0.059792421,-1.797688531
-4.262907051,-11.34423935,-20.42148848,-1.871415752,-0.123202014,-2.856859155
-1.227849624,-5.690596083,-9.821903129,-1.493603215,0.090398507,-1.224016615
-8.640756021,-0.670940991,12.91779892,0.648003654,-2.595649161,2.064887463
-7.930001835,-8.340146784,-5.95156595,-0.62438882,-1.756160837,-0.573911048
6.623075915,-2.41769326,-6.490426986,-1.383714752,2.108904249,-0.006031758
1.418340731,0.525734507,-1.580673987,-0.428464681,0.029736663,-0.003211923
-3.487561201,-1.216980366,-8.206904215,0.309002796,-0.951260335,-1.873728339
-0.564132033,4.715922873,10.37203553,0.960707102,-0.321051115,0.929150471
-3.652615029,-3.621336263,-2.442974681,-0.04255908,-0.495720461,-0.498031529
5.214244,-0.888566441,-8.229335502,-0.562644577,1.28638225,-0.706550937
-7.740391734,-6.235390412,-2.9127074,-0.902177018,-1.44628723,-0.519174216
-3.941159596,-3.755402296,-4.919131898,-0.613101537,-0.392733822,-1.142712241
-1.917343746,-2.046958365,5.644463879,-1.053034028,-0.308636111,1.526445144
-3.928628832,4.13240318,9.199725784,1.916031203,-1.918386767,0.904477618
1.095293427,-3.081001547,-8.479561529,-1.187174066,0.650024529,-1.106549485
-0.443924881,-1.794085062,-1.800844132,-0.712815352,0.294627795,-0.285469947
4.666496014,1.92125918,0.756088072,-0.082053641,0.915239212,0.728613149
-5.094722029,-3.86636685,-3.903570251,-0.328254935,-0.57358279,-1.214548105
4.401397885,1.710152921,-17.01647504,0.563240673,1.11970202,-3.453535184
-3.254444357,-7.755941393,0.68218746,-1.964355091,0.030918859,1.094630688
7.005879829,-1.217418715,-14.73260703,-1.146855592,1.673374559,-1.839507622
-4.877365393,0.022807595,8.874362845,-0.376966723,-1.293346189,1.276543237
4.530466134,3.861875944,-8.75901183,1.763606729,0.503394609,-1.650797071
-1.176021875,-3.617924268,-12.1541384,-0.790551595,0.216809035,-2.40710965
-12.64774686,-5.486793219,-9.925959251,-0.193759535,-3.091213371,-2.785076829
-0.65945209,-3.731022301,4.171117758,-2.14528257,0.669139549,1.076782437
1.105432025,-5.621195105,-13.43462449,-1.881579722,0.678937364,-1.585973678
-4.537669002,-4.621258872,8.066852625,-1.068503333,-1.364900714,2.47840191
9.618527767,11.2760711,15.28263087,1.505736438,1.867892028,2.312706673
-1.355521596,5.5584986,12.02531663,1.699537852,-1.021778586,1.4514557
0.433611955,1.294906531,12.99102209,-0.540725825,-0.365036371,3.053505206
2.485018176,2.136253905,3.264711174,0.571238851,0.377358942,0.72609195
-1.062788824,-0.792828909,6.561229463,-1.342584834,-0.328752799,1.525435498
9.492792689,3.302359961,11.735995,-1.216830982,2.225762285,3.247271844
-10.45376812,-6.542878013,5.722021106,-1.52027048,-1.907816543,0.7095222
-1.641936147,-7.953864641,-19.19755837,-0.995428875,0.008756913,-2.697128733
-2.083120931,-3.976271224,-1.044756257,-0.957142923,-0.115006758,0.149076708
3.760775158,-0.492251963,1.523897661,-0.663024978,1.111124494,0.961645149
7.510068774,5.128247691,21.7400438,-0.647222309,1.299382461,4.887091913
2.720332896,-0.802956614,-15.32080061,0.058170322,0.528111067,-2.481372294
0.714370061,0.284271809,1.749585954,0.350742589,0.090407317,0.441572221
7.038528182,5.333870354,3.424675214,1.022248437,1.577034213,0.639181237
4.650973862,4.1238823,-6.839872524,1.280761536,0.954922586,-1.65516046
3.179458356,2.00122106,-1.713155707,0.100432565,0.151162558,0.237453764
9.154670332,5.877092597,-1.700428785,0.673206993,1.889399402,-0.21200434
-8.989068763,-5.790244479,-2.50903902,-0.780545779,-1.785960781,-0.680653984
6.253853855,-1.898731023,-12.01409387,-0.584608745,2.388973612,-1.814186968
0.460001768,-5.061843356,-11.20529274,-2.428104741,0.682172292,-1.548090635
-11.07549671,-3.843454866,3.841290186,0.544966434,-2.449832783,-0.191288678
-6.247898118,-0.079952151,8.713799815,0.03541117,-1.716195917,1.14229979
-3.40857407,2.577238765,13.01673165,0.714155848,-1.271763752,2.000652247
-1.284256668,-2.189178279,-1.484733661,-0.4611256,-0.266719523,0.30661032
-8.631634962,-2.366389509,2.2275512,0.504788154,-2.140868868,-0.056100434
-0.18258275,5.079231059,11.5910982,1.587110646,-0.416808157,1.514928071
-0.565941218,0.213642201,-0.843236399,0.565698819,-0.081663488,-0.505138995
-12.04577167,-7.90499717,-4.943724024,-0.682489545,-3.101557632,-0.830403833
2.228756185,2.582596952,15.46270697,-0.467870919,-0.084086349,3.435163633
6.127088319,0.799161468,-12.72372563,-0.431458648,2.165955163,-2.702777329
5.238996317,1.103512997,8.981932383,-0.724144983,1.293186214,2.534161033
-3.989062016,-4.420737436,9.363792868,-2.061594111,-0.928047593,2.730070052
1.56058456,-0.965859026,0.913960373,-0.77018219,0.566099594,0.628453352
5.636085836,2.776278573,-7.397933754,0.499463689,1.652160852,-1.847497924
1.911246369,1.150803774,-1.014104272,0.237205221,0.501896699,-0.284677818
-6.401481708,-3.022467377,8.592466815,-0.630935187,-1.385619897,1.480052459
7.766942296,3.853502181,-3.286814503,1.007000415,1.627920865,-0.362468291
0.551483159,-5.032791824,-27.0383389,-0.018753841,0.73858194,-5.029902882
-3.520158299,1.407043859,2.178249621,1.55363289,-1.222182316,-0.123597533
3.112814359,-0.946222575,11.63254891,-1.930107196,0.899170813,3.026412642
0.057675944,-3.806400856,2.553776163,-1.962401307,0.491991448,1.205949925
3.867684045,-1.792969965,-19.31502994,-0.122071619,1.40208552,-3.407306887
9.901294177,2.408755311,-13.57215788,0.024343035,2.684808296,-2.193191606
-3.369531448,0.861543475,3.508608201,0.752384303,-0.650458715,-0.013374342
-9.815607743,-2.644635722,-1.356331484,1.382580303,-2.720282533,-0.883355944
0.664508755,2.30830217,1.541710389,1.452236951,-0.647703621,0.525887481
0.608958585,3.404851214,-13.58191887,2.231445054,-0.407783602,-3.254094134
-4.878637281,-6.427564407,-18.21164895,-0.797465509,-0.664426995,-3.551941409
0.264543658,2.855908205,11.19456717,0.290888435,0.034258751,1.722349601
-0.12249669,-0.124777701,3.760336678,-0.177765819,0.151270792,0.744040419
-5.485493493,-7.36918547,-5.902207616,-2.11281914,-1.045492443,-0.503326515
3.550599235,-0.433770766,-14.8954539,0.045769594,1.542215548,-2.957424995
9.894411034,3.201470978,-1.790684789,-0.76422441,2.716675879,0.077054292
-5.26671698,-9.076092676,-14.33639694,-1.707368755,-0.457210534,-2.197708394
-2.114849398,6.170212045,25.47028841,1.095145182,-1.007501363,3.831096633
-9.661741736,-6.679704255,10.5594242,-1.653876379,-2.009194575,2.214042088
6.162292591,7.633010703,3.612937202,1.532576402,1.295081146,0.042924769
8.884660389,-0.137003092,-8.049179041,-0.908947947,2.542808405,-0.580624256
17.78391278,13.38759689,3.509678586,1.791863762,3.530131348,0.587929228
0.155818303,0.870793553,-11.83980974,0.875694965,-0.2338479,-2.54699553
6.739476283,4.403106231,-6.584549391,1.225834934,1.237262322,-1.174884343
0.852653651,2.505446526,8.744541746,0.686927477,0.104365686,1.428503043
-7.605029201,-7.009964057,-2.45836779,-1.615361391,-0.912058381,-0.588894005
-10.61656129,-1.062286223,12.60819878,-0.136062012,-2.581512252,1.246842671
-3.938922648,-0.61609809,-1.248399716,0.156022486,-0.830837686,-0.783193923
-1.736827012,-1.815337117,-0.414135158,-1.062015692,-0.398204715,0.169074407
2.547537763,-1.236166246,-9.725758499,-0.21423009,0.903855651,-1.666229915
-1.672215291,-2.857428876,3.792363491,-1.058542027,0.131929843,0.834093094
13.00343611,1.180372826,-5.340857694,-1.692973063,3.224735511,0.788292087
2.169407854,6.92739139,25.73406243,0.922231484,0.197849969,4.450581192
-9.311506195,0.25504708,18.3299636,0.519868026,-2.51745879,2.733287647
-3.102938712,0.399740537,8.048554786,0.568347376,-0.490522153,0.931598822
7.305538349,1.118673124,-3.341240203,-0.633215246,2.111352307,-0.209716025
-8.482868803,-4.009762615,2.560333226,-0.542952074,-2.008331355,0.137008782
-8.456643284,0.219322063,17.75044771,0.123218077,-2.326541874,2.599496805
4.256874585,1.116241878,-0.709303265,-0.534351519,0.61909143,0.76714275
-7.215184597,-3.997902359,-3.233652274,-0.190586255,-1.84393009,-0.581674676
2.594243576,7.863600088,2.996146439,2.101868594,0.071756131,-0.474207876
-6.940686668,-5.123560486,-4.986021521,0.063132568,-1.589802217,-0.947021506
2.848413418,3.73186747,1.393153589,1.203339239,0.421322668,-0.02106727
-0.261719825,-0.602898413,-5.278938092,0.015388473,-0.154722792,-0.850990957
3.639865704,4.33066949,0.852503053,1.325718928,0.670771378,-0.16785361
-5.574006313,-1.378503148,9.057587683,-0.408469135,-1.465131469,1.468728903
-6.548680414,0.964995803,9.983958671,1.433001613,-1.759744603,1.022364229
-6.448129839,-6.104989941,-3.806233601,-0.836872619,-1.514324122,-0.408461767
6.212987212,-1.609378402,-7.750799057,-0.578105554,1.495133069,-0.150600653
-1.974329494,-1.617977991,-6.113753266,-0.150470844,-0.455881847,-1.248421969
-2.286610603,4.127481455,11.12190877,1.304224962,-1.208455689,1.402131747
-2.419643507,-3.788790616,-7.118957244,-0.685443964,-0.536106666,-1.032740285
-0.410958389,-3.237340027,-3.434942981,-0.993405849,0.020077027,-0.096913489
-4.115462314,-1.577014077,-2.946239438,0.550809764,-1.060275701,-0.78496744
1.53186222,0.645316696,0.410485318,0.029638322,0.590403628,-0.066799854
-12.15129435,-7.164812269,-10.64771288,0.348428707,-2.352822023,-2.750206118
-5.671409748,-2.138774397,-4.655564017,0.403833759,-0.827882309,-1.742992217
5.984065608,2.898956508,9.719502595,-0.62234979,1.540652076,2.039510691
-6.846651504,-2.536810954,-20.86426107,1.741521308,-1.149042306,-5.260623787
5.926283758,1.389576525,-15.91052857,0.239894535,1.79583126,-3.256615652
4.412580379,4.725442388,-1.634751224,1.176558199,0.703642083,-0.511195881
-2.573869714,-4.802586653,-10.04791611,-1.557686124,-0.11606361,-1.730795025
1.585597767,0.693474968,-7.601880433,-0.041245546,0.887146683,-1.891547321
-8.595640696,-9.657559393,-17.42218395,-1.537510635,-1.456566226,-3.09410567
-0.212042937,4.253810695,11.67115306,0.735968228,-0.864412768,2.014726857
-2.395336287,-4.9447419,-18.948907,-0.75462119,-0.614596478,-3.264046409
-7.487378303,2.215298098,2.427913959,1.716005931,-2.44336858,-0.841436919
4.379096259,4.196344094,0.271897561,1.261651718,0.316467365,0.400992382
1.314789443,8.463510164,18.58571627,1.503074726,-0.710399689,2.920195268
9.65622539,4.407966731,4.138753251,-0.531166861,2.20956315,1.598371229
2.414089188,3.34595402,6.564554505,0.960836775,-0.085123089,1.660619019
-4.423308864,-2.632426866,5.051754875,-0.187691609,-0.973646807,1.032591186
1.025346021,0.833643739,-3.288186315,0.139884431,0.58903702,-1.11984655
0.700599523,-5.645430332,-20.09682132,-0.352676045,0.722613809,-3.179566712
-0.524264711,2.463776824,-1.996833179,0.844864195,-0.422694646,-1.040927415
-0.424884935,0.21566477,-10.65472478,0.202270053,-0.204948025,-2.368096314
-0.593676949,-1.826556176,15.91462456,-1.961721446,-0.340375331,4.062090456
-0.504512022,-5.013164828,-9.532428751,-1.244844593,0.544944388,-1.485073218
-2.397887212,-0.959331239,-3.813735071,-0.08524829,-0.21084358,-1.224766999
3.774704131,2.459284052,11.15597192,-0.120593227,0.727706715,2.38482844
-10.2892623,-7.028577906,4.357020901,-1.462341916,-2.509365661,1.203753431
-2.40464402,-5.598054078,-6.591648132,-1.586458444,-0.050789349,-0.784037232
3.654632195,1.796095553,-0.124246903,-0.264985795,0.866697501,0.210526822
0.026777067,4.360714721,6.314494375,1.021846959,-0.536954749,0.640623099
7.218769221,8.468140263,17.56073429,1.286574685,1.263249546,3.1726848
-0.976404443,-5.830153523,-8.529048841,-1.276826412,0.628241917,-1.214078913
9.165943332,4.785721947,0.192071675,-0.312468709,2.384387447,0.036500541
-0.031014936,-4.453304724,6.414548466,-2.661051108,0.003560939,2.695077949
8.271534839,-3.084057265,-8.557125597,-2.211586936,2.40806656,0.046922369
0.061749309,1.036396835,2.127932625,0.321387521,-0.028128053,0.08454429
4.725646193,1.572554495,-6.374048434,0.473070377,1.727403415,-1.564220773
2.904259399,4.621310362,-7.650032854,2.014747996,0.753959086,-2.365427687
-4.541666813,-0.431790673,11.60160056,-0.660260159,-1.419601015,2.251499801
9.050656105,3.602196006,4.505821332,-0.118694817,2.338262914,1.180130127
-1.818582232,-5.445081255,-17.09314707,-0.154700895,-0.118188972,-2.919305644
-7.529725,0.482748367,3.494893321,1.449140896,-2.110600088,-0.375214197
-4.079203576,-2.393648327,-2.776257819,0.458335351,-1.298832522,-0.542760159
3.281166511,-5.450483766,-10.8919038,-2.285413117,1.36726518,-0.913662363
7.631205854,1.003054603,1.719860081,-0.237813927,2.287645899,1.020754496
-7.433656844,-3.734527477,-3.090685553,-0.25263892,-1.518897631,-1.199674974
-4.565623192,-1.148136325,-6.317213445,1.039299465,-1.566380493,-1.360886347
-7.716094474,-2.585228606,1.039504435,-0.005252787,-1.676403992,-0.519180966
0.705623698,-1.575706861,-15.96249398,0.847086932,0.39074225,-3.128197099
-8.446728571,-2.202636229,-5.658957442,0.941934439,-2.589872351,-1.467917138
-4.14986789,-7.573708593,-21.48433676,-0.105899988,-0.455277497,-3.8812361
2.841410245,0.082399587,-3.698333026,0.183193497,0.496585329,-0.192554028
3.649753693,0.484403157,9.741741207,-1.513391627,0.617152689,2.797703253
-3.554687842,-4.104163787,-8.260899554,-0.222082252,-0.766276815,-1.307596208
4.770396436,5.185526832,1.995871559,1.009476581,0.973855942,0.001026544
-0.853957302,2.585908547,3.323816317,0.74997691,-0.204017105,-0.185279422
-8.095357095,-8.46982926,-16.65062579,-1.392544325,-1.320630465,-3.131580766
-2.47001335,-0.905299761,13.7383909,-0.52471498,-0.795637741,3.137458626
-3.84567699,1.011807867,2.532255937,1.359359206,-1.255834726,-0.0757863
2.60542304,5.380428138,4.769865326,1.524152965,-0.430847335,0.806012236
-3.6497946,5.237673765,11.37905233,2.150131902,-1.607425612,1.179304197
2.344445955,-3.352063018,-11.01496991,-0.912451223,1.23899785,-1.714318902
-1.229198504,-2.676553452,-12.576315,0.184758757,-0.416575963,-2.302047074
-6.559814614,-1.956171461,2.283315427,0.457314133,-1.769816106,0.121416353
2.296878329,0.805048875,-12.47752527,1.288218281,0.562497763,-2.554717749
2.744737186,-4.420053779,-9.117782084,-1.305272088,0.503696805,-0.414058119
-8.540847691,-8.583336922,2.419690948,-1.470036331,-1.921040411,1.205258059
-4.353428769,-6.716385568,-0.115931228,-1.19406477,-0.865753565,0.827321348
-2.105134097,-0.570616594,15.12267811,-0.605563534,-1.061823223,3.410079407
10.14587333,8.61937868,1.149398161,1.825088469,1.851155504,0.157902113
3.355854406,-2.651474919,-11.90766629,-1.598875053,1.10088603,-1.433021195
-7.177800893,-5.991008562,7.612373651,-2.54208341,-1.454137313,1.911533675
-13.23214181,-9.413397336,-0.74349995,-1.77212702,-2.773930668,-0.213068442
-5.130805406,-3.119116216,3.338783921,-0.453402566,-1.455410287,0.919889306
7.005478379,1.522846998,1.901867171,-0.469756388,1.885968702,1.121016462
6.680690748,8.258657684,12.10602134,1.44379155,1.078047627,2.015301096
-6.015298089,-3.542669464,-7.974292291,0.096187778,-1.404434077,-1.628547703
-0.053668853,2.574367303,2.122722148,1.038205792,-0.265895091,0.030483102
4.061367034,-1.559616346,-5.421189206,-0.844359537,1.716136976,-0.888905449
2.939611337,-2.853202573,-7.718089379,-0.557693878,1.08211222,-0.699954721
-1.947951566,-3.281655265,-7.507488329,-0.123593428,-0.348071564,-1.159441222
9.969584491,0.303751689,-13.25533976,-1.175517944,2.742793486,-1.660652634
2.141172915,-2.567507061,-2.012665894,-0.815838536,0.612608317,0.567119008
11.8206557,2.588187423,-21.34176153,0.183806634,3.070647745,-3.549725659
6.698955543,4.64332892,3.924843684,0.441378436,1.728763274,0.57577593
2.478169909,1.665135075,0.451053642,-0.130728123,0.435447518,0.095833067
-4.269849129,-5.619669877,-1.159537756,-0.930096434,-0.41840599,0.188215168
2.717271986,-1.059914412,-8.46253554,-0.058762762,1.176864788,-1.544349132
-0.711617079,-1.636349392,-7.538486872,-0.238149135,0.153354466,-1.484651181
1.590786902,0.508514419,-0.047043361,0.160873002,0.684265682,-0.13442704
-5.585481572,-1.366848497,4.699968908,-0.231420973,-1.225152895,0.436870708
-2.022270599,-9.480161611,-9.751976875,-2.512261134,0.513826453,-0.651473424
-6.529731234,-8.425997858,-6.58452049,-2.008440152,-1.061175611,-0.789164681
-10.40425473,-12.74809505,-16.02451483,-1.959840747,-1.788007106,-2.237325772
-9.520773208,-7.250233458,-8.866205998,-1.28054101,-1.343291318,-2.401077283
0.555868674,-5.326658777,-12.26565663,-1.791536295,0.811386606,-1.670529321
-3.542951185,-4.709076217,-15.84710034,-1.033837243,-0.590697539,-2.932373982
3.986209776,0.526522454,-4.320278544,-0.142301732,0.992396612,-0.371131147
-9.53252505,-2.313435678,-2.705043981,1.263407524,-2.371728955,-1.493567229
-4.641845896,-6.755945977,-15.957445,-0.587304382,-0.600864805,-2.84250956
4.685725113,-2.754503525,-5.0221681,-1.656499687,1.538235592,0.101441276
6.589882919,-0.385709447,-15.89141061,0.371267318,1.446941068,-2.076201506
1.2606961,-4.520967346,-8.7765206,-1.699261646,1.247176818,-1.249460397
2.640059936,-3.462711055,-12.77527927,-0.86253111,1.38609549,-1.98874805
8.062874864,3.450156305,5.55994459,-0.102596411,1.189850773,2.284996647
-1.494567459,-2.358264122,-2.208035811,-0.606012247,-0.755299894,0.242308971
5.937186646,2.521494093,5.632727173,-0.222148851,0.93574625,1.78484406
-5.797622758,-8.18411044,-19.88513978,-0.276426572,-0.586106924,-3.726243435
-2.429230287,-1.916146835,1.065355804,-0.570906136,-0.60205295,0.371519232
-1.098437111,5.953467276,-2.680907989,2.040147933,-0.41882893,-2.219547272
9.097041521,4.137335658,-1.506278524,0.665253305,2.636454886,-0.191323318
-5.200482784,-4.856682195,-4.988842877,-0.062584627,-0.665879376,-1.086844523
12.55911182,10.94455787,9.12897324,1.69987141,2.249552902,1.850206707
-8.170606769,-5.351103556,-3.756995612,-0.75410816,-2.001122831,-0.725702961
1.832022709,-0.139986145,3.295696032,-0.744843388,0.436563428,1.096485888
5.71468037,3.281309599,5.442377033,0.620574409,1.548485936,0.975642431
3.649169134,4.751447266,11.70983261,1.02734705,0.708975052,1.799117101
-11.93573374,-7.420636883,-15.9489296,-0.108012955,-2.292735208,-3.846696718
-5.111308693,-3.77649495,5.104182983,-1.385038389,-1.296299271,1.397988318
2.353154807,4.577862103,10.21982462,0.549474046,0.399366864,1.47617847
0.234193796,-0.029337061,4.648654804,-0.066651517,0.11370061,0.879351261
-4.337327603,-1.988251833,7.951298009,-0.302986005,-0.974843358,1.504998689
10.76105745,1.47317312,-14.76009103,-0.739989414,2.942385296,-2.103421196
-1.749604418,-4.272132751,3.589267367,-1.801592149,0.421769488,0.798406208
-6.234819747,1.825377697,4.391778448,0.945537085,-2.366792274,0.084828876
-2.699775988,-4.042139945,-8.520837273,0.185655044,-0.699229597,-1.113904642
-3.179752394,-7.06950537,-10.5588084,-1.588154377,-0.540551147,-1.343337056
3.830758506,6.105593146,29.17612178,-0.482239728,0.483111007,5.632639329
-2.805895319,-4.667498722,-11.32798392,-0.957024727,-0.047597893,-2.30265129
-7.788613694,2.362249349,9.718818218,1.078146601,-2.284414997,0.605360043
-7.409573462,-8.817607534,-3.061628217,-1.583344181,-1.820449265,0.36935823
-6.991527818,-1.360491053,3.840202707,-0.050055403,-1.937622022,0.26268337
14.28249804,8.997983459,7.827427698,0.319628134,3.164519924,2.083644435
0.817869233,1.872371305,2.573448793,0.402284194,-0.02546121,0.520768522
-9.622561962,-1.761993803,-8.046710642,1.673688522,-2.444401786,-2.689929132
-4.162358944,-2.839363797,-1.184579491,-0.088081904,-1.472964278,0.077711008
-2.864216571,0.88869759,7.715777083,0.501189555,-0.789887932,1.005374074
7.955307955,0.488575885,-6.403033478,-1.28532947,1.877323999,-0.230545316
3.167502536,3.161946587,-7.382900485,1.405596069,0.500472862,-1.688232798
2.844693303,-3.364121391,-18.10721488,-0.837178662,0.946277954,-2.85577203
3.412076141,3.765144112,-0.597850773,0.68729917,0.801459066,-0.551336052
-6.027072846,-4.029358749,-3.153466098,-0.888110822,-1.139918009,-0.799492559
-2.10863478,-2.871203138,-3.144737865,-0.507294874,-0.605521784,-0.112322259
0.986217686,-3.111543539,-8.168671758,-0.895951913,0.309848458,-0.968241421
-3.513462596,-3.221865218,-0.394766034,-1.279384686,-0.64695803,0.044633098
8.733502265,6.686364001,1.785829623,1.588391322,2.318845009,-0.157190026
-0.796885129,-2.43022383,-9.116342484,0.41196986,0.064992271,-1.59769996
7.271895771,5.232662298,19.7661096,-0.267522653,1.646185145,4.11087791
-4.275864504,-1.917879394,3.595773341,0.253039414,-1.192519287,0.647925711
-4.148733258,-7.708501256,-6.331559958,-1.786061185,-0.529065974,-0.385676978
-5.722064665,-3.234839015,3.806936355,-0.629897012,-1.415069008,0.831099184
-7.322382364,-1.35176113,8.958657248,0.242615102,-1.780819424,1.253008237
-7.779433431,-5.928274178,-8.020762791,-0.32938528,-1.488510543,-1.789000779
-2.489441939,1.332668311,10.46490528,0.287678631,-0.641829861,1.620453744
-8.715649007,0.652357323,5.268316039,1.674531068,-2.800089716,0.15180892
7.885829689,2.159619216,-8.270868219,-0.137604261,1.966016326,-1.184624138
4.231893921,4.731355346,-3.454229686,1.588684531,0.632168434,-0.952124965
-4.348410477,-0.394282105,4.027588273,0.854441221,-1.369131781,0.490869507
3.549744846,-2.235236451,-6.888510745,-0.689229149,1.235049962,-0.552551997
-1.282842889,1.043614615,-2.477763916,0.996763436,-0.347361621,-1.219709736
-9.284397294,-3.314892226,-3.783648274,0.478314108,-2.082231793,-1.506534525
-2.344078519,2.021315554,3.468175391,0.853133094,-1.47530907,0.597330094
-6.236017039,1.134099475,15.13064605,-0.282141521,-1.895416422,2.198466593
1.260818234,2.434118393,13.42684645,-0.508792151,-0.0200912,2.664379538
0.081114285,0.461448707,-10.0694764,1.223473061,0.00912959,-2.256040251
0.397150881,2.822959506,11.99484153,0.193970533,-0.083221282,1.973285231
2.040927241,1.502467887,7.608176102,0.141296576,0.571837638,1.484376328
-1.408016349,-3.708387409,2.991441197,-1.623197076,0.127946864,0.982923678
0.188448605,0.318698054,3.414152463,-0.344732004,-0.177288017,0.850079316
0.733706761,1.520263438,5.045263811,0.084000378,0.330642813,0.702127205
2.601812814,2.722822463,4.225819494,0.226668185,0.690965311,0.627908787
-4.505334835,-1.021407013,8.473225072,-0.843328922,-1.397965854,1.656022416
2.114315751,1.465934244,3.195696887,-0.084273238,0.982227446,0.139770677
2.160725328,-1.179989138,-10.98714443,-0.106785669,1.007156507,-2.057755084
-3.391061973,-6.069461679,-14.18001199,-0.858495537,-0.571274984,-2.245712945
-13.14004364,-6.799015727,-0.059606368,-0.538037815,-3.024590283,-0.375833589
1.749488992,1.409065888,-10.0752657,0.983804643,0.736508058,-2.418669233
-0.741257322,5.289695414,8.522784475,1.895102053,-0.256274127,0.546822322
-7.962143799,-0.415789904,0.067091961,0.427348007,-1.773200769,-1.140593723
-6.820329499,3.259766858,17.12106875,1.586585031,-2.716243289,2.724297206
3.170523569,4.832578547,4.234974315,1.756719778,0.616094353,0.196248161
0.642986372,4.591522562,14.1182357,1.070029246,-0.519276823,2.446762124
1.83108911,4.376270635,-2.727571639,0.996535701,0.073448677,-1.225057424
-3.559104981,1.214306733,-1.256408198,1.191132351,-0.669950913,-1.069870359
1.481711966,-1.665612943,2.522040226,-0.844100713,0.225928903,1.284579515
-9.317066791,-2.100666106,10.69996915,-0.485631474,-1.941984511,1.328505012
0.619615691,-2.273618717,-1.691036477,-0.467857916,0.362074603,0.120566974
-5.940792,-2.792002149,-6.816781319,0.461426398,-1.603826149,-1.59670185
10.0157939,-2.702338808,-7.928025319,-1.659403672,3.016588517,0.001615187
-3.418753123,2.406968119,8.240778513,0.872618724,-1.269143149,0.844045788
2.91031839,2.680824381,0.227615969,0.681882436,0.698163303,-0.371712705
4.284223907,4.220404036,15.82034396,0.450278912,0.468077769,3.459817633
-4.149791039,0.464449078,-1.664165152,0.669485696,-1.272239525,-1.228571651
0.303161483,0.414956087,2.045763552,-0.289168773,0.259428488,0.335594257
1.35224858,1.661115602,0.752076672,0.636186161,0.145431164,-0.018793286
2.296958146,-5.086027978,-6.89843249,-2.147555323,1.009031377,-0.052898915
-1.802574003,-4.442769626,-10.27084116,-0.721667327,-0.00485444,-1.660967754
4.384447779,5.599420381,6.005265824,0.809326185,0.49204119,0.990894236
6.203143049,0.190141935,5.470557554,-1.292991855,1.397393362,2.244960463
2.105211118,-2.813256215,1.577259716,-2.134844266,0.773286256,1.222912269
10.4840528,1.605931663,5.978238824,-1.08014914,2.494101083,2.419351443
0.601563414,-0.841694259,4.444337155,-0.478599498,0.032949532,1.37315879
9.475882581,-0.503674839,-2.339981239,-1.703540127,2.557952656,0.864704847
3.917555893,6.758743698,24.54578832,0.457231233,-0.061716363,4.936514395
0.46526888,-1.657750751,-7.143235821,0.021914353,0.391214263,-1.162538116
2.868101858,-0.456570343,-11.59865127,-0.080991426,1.242876647,-2.322386937
-4.585522754,-2.664631054,1.430786032,-0.267938209,-1.24365688,0.355503056
-7.115457578,-3.421341857,7.94209366,-1.392098956,-1.72160161,1.236907984
6.588387167,7.380465692,4.538779975,1.936313722,0.970351404,0.554723661
-0.929275671,-1.270903007,-15.65435655,1.106307655,-0.276676431,-3.229459297
1.444285231,3.27018674,-2.126298404,0.781620978,0.445381145,-1.181524474
5.439349999,3.306575066,4.528917508,0.368420762,1.254378303,1.018014677
14.2296016,2.240487834,-8.721159647,-0.658881696,3.656258552,-0.379337798
2.923039259,1.805851942,-2.892379475,0.162578602,0.668476824,-0.637080487
3.462365498,2.517498897,2.653457154,-0.502034189,1.001602205,0.413010492
-8.205981566,-5.855333442,-0.822331071,-1.159157212,-1.666567927,-0.172000017
13.90198513,4.346439058,-6.012248976,-0.010134862,3.416405387,-0.33459841
1.741931829,1.292975044,-3.961117,0.488158768,0.222777535,-0.651620634
-1.914050476,-2.74078836,3.755506401,-0.275373702,-0.123719789,0.822518526
6.241816587,-1.255947565,-2.795147258,-0.978190706,1.782913504,0.584711737
3.863151712,3.606507127,-5.502171077,1.699705148,0.801531372,-1.427938407
3.771209607,1.894480997,-14.92394473,0.682464767,0.460212929,-2.771215167
3.957154849,6.126994933,5.252805248,1.083184229,0.661267019,0.221685642
0.602075377,-3.86890882,-15.07363423,-0.559214488,0.675640099,-2.602755352
3.490030397,1.902630619,8.472292167,-0.293099316,0.768287776,2.021664365
0.292437136,2.563818556,9.655137542,0.478169964,-0.104287728,1.552333585
-8.001911492,-0.266604189,1.864982007,1.740876638,-2.150644914,-0.448600134
-4.259406149,1.73764257,5.389392128,1.637709246,-1.242658453,0.31136187
-4.552216828,3.714470307,15.94130234,0.920741203,-1.403796069,2.081603242
-6.751325405,-3.31424096,-5.301642763,0.264718738,-1.197343251,-1.565350619
-7.135888656,-0.186199213,1.820360867,0.978112296,-1.875326946,-0.615692594
6.415966029,5.363162392,5.388394261,0.710912338,1.338439915,0.887680467
11.56841182,2.611149596,0.050379216,-0.172212645,2.891774697,1.29436188
-8.861495462,-1.929691123,13.87696009,-0.223761302,-2.757860859,2.565649437
-6.183478104,-4.819214212,-8.749766636,0.055243448,-1.324590006,-1.857468511
1.434444693,-1.273294833,-21.41757431,0.918157241,0.342884585,-4.152044188
2.893352322,7.213708959,7.772442647,1.529237442,-0.127354319,0.853341291
-12.30411805,-9.373352419,-1.918833279,-1.584594137,-2.024225554,-0.701503394
7.229409464,3.589947496,7.571301761,-0.731541469,1.581115882,2.094443262
-0.330338158,1.091807412,-10.4558842,0.729241253,-0.085228484,-2.57073497
-6.175491617,2.54552663,12.49138783,1.032119361,-2.330992851,1.876707507
-6.267428853,-5.593072628,-6.193155293,-0.595510571,-0.920659763,-1.422188898
6.719740629,4.669841646,-5.059703973,1.063669549,1.711364593,-1.254279668
-3.122841679,-2.122275238,4.961681834,-0.669703568,-0.751507587,1.087588803
-13.94506621,-5.481688485,3.07155361,-0.158719439,-3.607297441,0.240392093
5.425483601,2.035244049,4.709490355,-0.41408739,0.890093263,1.870594485
6.165333247,3.417995494,-2.455514647,0.346919848,2.326776229,-1.099475998
0.840496282,-2.363556559,-3.783114975,-0.678478611,0.312778103,-0.118256793
2.270562081,2.222884061,5.71407678,0.552683033,0.331132814,1.195908729
2.044555794,5.055957995,-3.110309599,2.169173944,0.363078757,-1.670174357
0.586051841,0.683049157,-1.765915559,-0.257840565,-0.100023846,-0.021719374
-6.767561478,-9.477996703,2.24592553,-2.82311212,-1.202920153,1.70802943
3.201764094,0.88851132,-0.234469657,0.477991113,0.899198735,-0.09260185
-5.111529132,4.328765142,15.56634525,1.624362813,-1.695781124,1.801880898
-9.933146051,-11.21127212,-8.949097606,-2.341757977,-1.557294811,-1.133494336
6.591058804,1.202216316,0.87134762,-0.222917338,1.38913216,0.953411281
-2.523377567,0.686840493,5.493285718,0.262486293,-0.67534595,0.722576454
-9.289829229,-7.20336752,11.29822917,-2.496654972,-1.461546211,2.23301043
4.471044407,3.113601833,-6.002530017,1.09726318,0.682303763,-1.093456621
2.742383255,-1.017465582,-2.5152618,-1.479516112,0.682422519,0.15463182
-2.616984249,-0.854853724,5.360088975,-0.980585486,-0.40618418,0.56562894
11.29936348,6.261760459,12.21398112,0.354281297,2.224041073,3.103976541
3.411941501,6.13814547,18.89383258,0.480707064,0.085348027,3.629026114
-11.95651401,-6.51415987,0.056831803,-1.116054255,-2.237784593,-0.717612885
10.47753237,8.354223163,12.92365311,0.458686559,2.310788478,2.492313215
6.811503065,-0.061373342,-7.928395667,-0.79181428,1.475535988,-0.283503158
-1.142437759,-3.666253224,-1.896055226,-1.330307109,0.103029291,0.003582773
-8.837550158,-4.463129784,-12.59525325,0.536293243,-2.314916539,-2.695427307
5.32286284,4.088960631,10.72888597,-0.051391315,0.983286452,2.124972341
5.217015226,1.415564129,8.728350156,-0.787160919,0.951846622,2.529008901
1.491250109,-1.815631104,-14.65055797,0.199521843,0.57909126,-2.515878504
12.41253555,8.462443577,8.957004334,1.091244641,2.38281633,2.23177004
-5.735075283,-2.508685302,4.098955451,-0.564067854,-1.315272524,0.463673846
2.354220175,0.226570095,4.860800244,-0.679207637,0.347980572,1.600216385
1.289395821,1.90989895,-4.802757197,0.47272817,-0.052826538,-1.03318598
2.32633229,-0.215719767,1.878447577,0.349259289,0.304386716,1.172202964
7.504183678,2.200775227,1.739374129,-1.426734865,1.792345149,0.899684829
2.617155166,2.94909567,-3.438291078,0.729215092,0.757472783,-1.123039674
3.229562825,-0.820946534,-5.675462852,-0.44016647,0.985894707,-0.633473632
-2.314383588,-1.465765047,-6.945800121,-0.018370391,-0.575017063,-1.586890933
7.255835632,7.843839821,-1.866354969,1.736452971,1.258904698,-0.931706416
-1.256668657,-3.726595873,2.555448405,-0.855952876,0.044370991,1.13214996
2.305343817,3.195881177,4.540984258,1.225061068,-0.027050616,1.01914115
-8.390497844,-3.214680027,-2.712404527,0.689892115,-2.040910694,-1.118604209
-14.72623006,-3.962247987,0.239140358,0.769210894,-4.056391131,-0.901977554
-5.438450739,-2.459233652,-2.190498514,-0.166214987,-1.215923806,-0.744364384
2.21821376,-4.936547537,-13.95708447,-1.923859151,1.47029639,-2.203114378
-0.021496924,-4.589574807,-16.60662933,-0.599192605,0.19444145,-2.434026454
-0.391457958,0.811689302,-1.32910392,0.09161577,0.252004561,-0.808237599
13.64458456,8.33052088,-0.902354195,1.362341971,3.561160989,-0.31284795
-12.20881881,-5.713760839,-2.564020842,-0.054835439,-2.619808999,-1.436671603
1.939980064,1.355023769,12.52138139,-0.28987076,-0.190361709,3.132793888
2.187678105,-0.04746321,-15.8941299,-0.086447602,0.975521795,-3.326576369
-7.540864707,0.129013349,9.171642435,0.488985111,-2.19251436,1.008544456
6.244092357,2.215366962,1.880747491,-0.854285771,1.089705087,1.254972831
-1.106163624,-0.295722619,-4.399761838,0.50349434,-0.41486961,-0.909838349
6.352111759,3.129660067,4.21493316,0.070198223,0.944522562,1.757114776
5.085090967,-2.880265825,-25.74448036,-0.14481948,1.862536335,-4.565596403
6.05587307,1.451418095,1.101155773,0.297233802,1.73173702,0.581001983
-6.173389241,-4.290832337,7.61008281,-1.727330135,-1.372022714,1.755658957
3.918081349,-3.912085365,-6.505494657,-1.176196329,1.519817558,-0.312736582
-9.449532198,-1.995060749,5.788519816,0.396428565,-2.797225849,0.702811124
-2.887397665,-1.484052955,-13.57779981,0.454837684,-0.460810397,-3.118955693
0.246346694,-0.330851866,-3.917837076,-0.148486798,0.507337375,-1.057834608
-5.539289739,-5.953940839,-13.52301466,-0.768786841,-0.791051087,-2.861550668
-3.517581393,-0.480730109,7.559166412,-0.01622743,-1.205652716,1.563988005
6.398804099,-3.746126467,3.922838167,-3.091448125,1.620318337,2.95175904
-6.252310479,-2.375131246,5.777753435,-0.174897855,-1.422500264,0.848908334
3.435972562,1.151354599,-6.906695792,0.102100831,1.242496325,-1.709000371
0.032840316,0.915993077,7.2163987,-0.028781939,0.05675605,1.243886743
1.931304293,0.278320181,0.958579926,0.03763856,0.261284113,0.699023416
0.258062489,2.0553616,4.867828659,0.398263868,-0.300163766,0.987279099
4.131575588,1.474344358,3.807074838,-1.161286031,0.625682909,1.427514322
6.855480294,2.044423988,-3.296360437,0.252769578,1.901194677,-0.469293576
2.380007062,5.014064068,1.578985195,0.98435652,0.123321789,-0.282064107
7.616436152,4.987973085,-4.262111462,0.626682773,1.692788176,-0.873431455
-1.169296566,1.613936683,16.76200625,-0.299774432,-0.467112377,3.16864946
2.658839897,0.283307759,5.444236638,0.218256504,0.19365234,1.813293688
-4.884496992,-3.692475396,1.445397488,-0.746711089,-0.784676746,0.140938469
13.38681903,5.607436971,1.037729767,0.039119893,3.656959637,0.538348507
10.42743888,11.04008911,6.263427673,1.932498694,1.691373502,0.71117039
3.857489544,2.099358303,-0.548808469,0.346785395,0.785139482,0.061354425
6.049233385,7.062409329,12.53495509,0.949622853,0.60500582,2.629160032
-2.477932055,-0.209239229,5.156539549,-0.890946644,-1.064389982,1.224726759
7.890836246,4.975606625,0.308166213,0.389819252,1.730966071,0.147678873
12.94514371,0.163258558,3.868890007,-2.127021502,3.703359656,2.520076632
-3.282841436,-2.975998009,0.229981871,-0.37056799,-0.893856407,0.448718523
-5.780195348,-4.592346582,-7.23336999,-0.646884026,-1.067853961,-1.54906313
1.322100118,2.814748452,-5.681780456,0.965152984,0.433217712,-2.029549553
-3.699078276,0.845172342,3.614881805,0.346842936,-1.056509044,0.189292649
5.345706895,4.107628977,3.802487132,0.776204361,1.146660496,0.914186919
-9.905708101,-5.432607561,1.630153623,-1.478619537,-2.246165391,0.131744068
-0.610143046,1.591704643,9.8468131,-0.1448654,-0.565084011,1.964927962
1.82113467,0.931971273,8.096318358,-0.046235199,0.107359447,2.047683894
0.438947627,0.147391582,7.613005062,-0.317521212,0.279530092,1.53922368
5.515097489,4.576312683,-11.54114528,1.854261984,1.142798506,-2.547559048
-7.052209277,-4.123705329,11.19983097,-1.122660162,-1.411763793,2.155651025
-0.196643547,0.730687591,6.097626279,0.121490138,0.004434364,1.070247875
-0.202559634,-4.989689125,-3.540222551,-1.432839032,0.392957195,0.025298781
7.11945418,0.803738875,-8.108833961,-0.547405881,1.973493827,-1.238601004
-7.011335798,-6.738579261,-26.17467183,-0.439186478,-0.997947865,-5.450783681
-13.15116287,-6.708645103,-3.05872557,-0.504006416,-3.127046548,-1.037589667
-4.619177963,-5.529591837,-2.736428375,-0.84821427,-1.306726605,0.200477703
0.650605834,-1.18295309,11.78393467,-1.188738173,0.237608866,2.951960205
-2.094603658,5.762039445,21.71659485,0.73457949,-1.095880516,3.293260565
5.722006312,2.385557641,16.25340591,-0.655083298,1.256435834,3.923347066
1.635012512,2.88702334,9.091892298,0.669018899,0.161570502,1.742748909
-4.272255392,-4.899236421,-2.108167802,-1.617689172,-0.73578008,-0.095104067
-9.202953344,-4.462342572,6.341614429,-0.908540218,-1.837686745,0.757867973
15.13600902,1.664606179,-9.320695649,-1.602517372,4.399866028,-0.471424915
-2.060821676,-2.469527064,-2.064369422,-0.357518157,-0.586604155,0.002503123
6.615877384,5.135956315,9.278106481,0.663630791,1.559365215,1.739607951
13.54373652,1.980249812,-6.819416599,-1.068387863,3.418180296,0.078698091
5.669453614,-1.297235099,-4.292023436,-0.87538904,1.280112061,0.449288163
1.262615932,2.874004687,16.07678824,0.323702266,-0.446231667,3.715794931
13.32560969,5.515661829,4.513622727,-0.060555607,3.008835414,1.937656858
-12.08352676,-4.110643542,9.312517165,0.142691748,-2.950818048,1.029575955
2.41186414,-3.808184082,-3.046850734,-1.719824971,1.002816426,0.419064113
-0.296746052,-1.419264848,0.836237521,-1.125644818,-0.054125263,0.605832111
3.032272679,3.403356074,5.307724272,0.357453976,0.509877232,0.834970789
-2.098806745,4.434518953,6.632968223,1.943052321,-1.05461845,0.195301584
1.929349097,2.432833035,-1.006312772,0.820031095,0.542745858,-0.433483858
-10.43919772,-5.033642094,-6.854370182,0.306254329,-1.842651867,-2.265006991
-1.650900246,1.638672507,9.523862361,0.322798047,-0.487538639,1.529184248
-4.535999315,-2.880428039,-7.923702682,0.774300615,-1.17829241,-1.722971508
-2.658717655,-2.380273577,0.376125291,0.016382155,-0.52998285,0.293903488
4.318777854,1.441958094,2.822357047,0.158415069,0.857983646,0.754376641
4.96056033,2.664556934,-8.868307972,1.233984174,1.141546963,-1.829002874
-1.853073728,-2.463206035,-7.936510112,0.206566001,-0.334972203,-1.489158731
2.713695225,1.073738418,-2.275001181,0.461949936,0.083639743,-0.072974294
9.257415884,8.283512662,8.880127728,1.951126386,1.336473914,2.131970233
-9.189718795,-8.678634592,0.800064685,-1.817202945,-1.732362629,0.607887814
1.251912775,2.655934771,1.194887702,1.41935657,0.16675028,-0.080046265
1.890740914,1.178839573,8.491602924,-0.502273351,0.327216453,2.015231668
-3.974223092,-1.792818701,8.951509192,-0.877977782,-0.762018079,1.512352529
-4.964500545,0.321819256,5.224014753,1.333852254,-1.036489003,-0.040741121
2.978446351,2.887367677,14.07004394,0.112982884,0.817785893,2.601396864
-0.506413376,-0.657504479,-5.247348599,-0.12123324,0.146075777,-1.298841543
-7.51139229,0.184622325,10.24043639,0.537776362,-1.902473626,1.102882588
2.377994078,5.739378788,8.911975809,0.622924182,0.459186031,0.925591286
1.277199986,-2.858605296,-14.94060332,-0.70502314,0.705555907,-2.705871736
-4.8783084,-1.53902022,-2.590669267,0.488614901,-1.414814754,-0.900632438
4.821730488,5.438016179,9.545939642,0.503820253,0.427214278,2.089802036
-0.961345134,-1.062328221,-6.685795359,-0.456783401,0.168962382,-1.532759833
10.64066392,11.63023737,12.38355745,1.648827723,2.031892558,1.744624242
0.067216785,1.260079754,6.499188206,-0.100607509,-0.727607632,1.797813221
-3.116927081,-1.260590897,4.09283155,-0.42271804,-0.42179116,0.375559519
3.419060486,8.438437379,21.25194795,0.960486288,0.696859522,2.94955016
-11.74129677,-7.909149988,-3.369240846,-0.932988278,-2.818981471,-0.671432579
4.907948126,-0.408439324,-0.508334703,-0.800381539,1.26757625,0.783344773
-12.04693824,-12.2303353,-6.345251858,-1.939607391,-2.714711574,-0.055665163
2.320660617,-2.221718333,-4.58596608,-1.122036193,0.893655805,-0.140716313
6.366592764,6.737716723,9.046335644,1.108333789,0.977908979,1.583719725
-0.826030423,1.093918374,3.046063083,-0.17725029,-0.139747322,0.321984743
3.477422967,2.498366135,6.989115637,-0.797899024,0.772346744,1.323807074
-4.438766215,2.898395818,5.726480326,0.73145226,-1.645621783,0.269444426
10.27447024,3.842533778,-11.76111468,0.06941253,2.687711535,-2.299204941
3.770659728,0.056684512,2.12680188,-1.017903894,0.817602781,1.205902108
1.765002846,-2.194246627,-6.282530878,-0.58613285,0.660152855,-0.723341845
2.042779646,2.35670882,19.32133599,-0.806457043,-0.033764962,4.325649472
9.40651432,0.944218715,-17.19774336,0.341150872,2.7946754,-2.817917044
2.796652966,4.063358556,8.635055797,0.142284467,0.484338449,1.391329966
9.248855336,1.532250909,5.777888334,-1.648514377,2.372505769,2.202118174
-7.741427325,-3.882411868,2.772294366,-1.153237645,-1.795659288,0.110393968
2.234182658,2.968405096,10.11927918,0.821511222,-0.107669628,2.187187181
2.278571087,-0.004959622,1.459906213,-0.247723559,0.786679606,0.581054566
-1.146607352,2.025646318,2.362470804,0.796697741,-0.694347029,0.107947084
-8.13386745,-12.0429964,-4.284830565,-3.222133769,-1.219167507,0.397563151
0.34410225,-0.181013891,-4.244090919,0.407905028,0.048995425,-0.742239554
-0.175127155,7.27068767,20.77862902,1.03202621,-0.877828086,3.377252422
9.344963751,3.082878808,-10.41041054,0.28766524,2.046079209,-1.444731631
6.732754864,4.241026476,2.185238005,0.08152959,1.616685698,0.532745899
-7.705109834,3.117136281,35.5620351,0.079833366,-2.555241007,6.199258169
-4.806935028,-2.260128514,-14.0168165,0.478883132,-0.936462914,-3.348306072
0.584841317,0.128585309,-2.593061571,-0.000336059,-0.00712571,-0.32905023
-6.818463035,-6.486300977,-2.42319899,-1.388423734,-1.120918756,-0.455273871
-0.890019319,-5.076856941,-5.470642913,-1.980852268,0.364482967,-0.262762422
3.185401533,-1.340848633,-2.410929761,-1.160706872,1.036712402,0.229819136
-2.088033511,0.447570033,-1.31764969,0.816751948,-0.699170301,-0.701692991
9.462920102,9.411965646,14.85734394,0.934989768,2.171146254,2.42327363
5.272773932,-1.817969829,-7.38825543,-0.074658392,1.196597772,-0.454546903
-0.366816553,-1.085604536,-3.867338245,-0.581266936,0.526574568,-1.055749722
-6.28998105,-4.720197581,7.775820418,-1.258146474,-1.299036589,1.630100396
7.691530956,2.407801096,-4.182812467,-0.152706899,1.832738807,-0.443073062
-8.494585627,-8.012000283,-4.190463481,-1.438047558,-1.623822954,-0.673223893
0.622519311,0.15729108,-3.77302014,0.718246551,0.477531919,-0.96896407
-4.136922544,-4.829296935,-12.1544772,-0.60202534,-0.345212438,-2.774899536
2.312496581,1.016668118,-6.009442908,0.181379136,0.787356319,-1.291292068
-1.745490739,0.113900975,-0.434339956,1.52435814,-0.506740958,-0.490662765
-12.65153852,-3.670210463,-4.383247067,1.270985543,-3.103448404,-1.940217243
-8.434632255,-8.150432135,-8.863093628,-1.333033953,-1.551377236,-1.558781152
-5.3856231,-0.923704861,3.810661778,0.506040257,-1.46983812,0.373442207
3.97025352,4.294272323,-2.07022815,0.570193996,0.715535261,-0.825710884
0.532241369,0.753827253,-1.674916336,0.044084888,0.268090818,-0.55315735
-4.049683765,-5.126262635,-3.308792892,-1.614650341,-0.429819216,-0.455449381
3.777871989,1.626398002,4.188122522,-0.060576516,0.581261895,1.187420729
-8.801677923,-2.752118509,1.891851023,0.10254713,-2.647435786,0.244757982
-0.929524177,5.304123358,8.337890176,1.920870083,-0.840487921,0.697050125
12.42366263,4.220991228,3.0249486,-0.38987719,3.304130003,1.180181522
-3.661410705,-3.121091164,-8.657741256,-0.376671056,-0.968685042,-1.624848951
10.12566305,5.069631655,-3.7852188,0.621676541,2.250489039,-0.445958285
2.842013218,-3.072973777,-7.032439216,-0.88677412,1.129692842,-0.522735834
2.515027231,2.615120254,4.067620981,0.727384548,0.097372982,1.068268555
-0.941884913,-0.417063831,-2.867360127,0.49618227,-0.039857877,-0.847062616
2.663927333,-3.063717344,-4.156399117,-1.054296695,0.735141895,0.349135038
1.300094853,3.378670311,12.34881364,0.273497682,-0.19061126,2.38632652
2.803869935,3.921215872,7.650790107,0.870589139,0.40494039,1.381130736
5.466716361,-0.870341809,-8.918086476,-0.226258914,1.67938654,-0.95168485
6.869957523,2.441129212,-3.711610703,0.257972351,1.586061384,-0.26845245
7.178540861,0.167304424,1.158592793,-1.017291344,1.698299805,1.409858751
-6.105511006,-4.704956128,-11.64631311,-0.290491129,-1.137918875,-2.408707982
-1.288557221,1.273007686,6.22848749,0.127848948,-0.522699087,0.997882637
6.000756173,7.598926197,16.09734892,0.366912368,1.117835715,2.754794517
1.446068638,3.660427003,1.971284873,1.892315214,-0.023150165,0.119944559
1.983486931,4.468322612,10.07486437,0.617730472,0.062131029,1.688632608
-4.876878263,0.066824622,9.441273921,0.607316487,-1.173640048,1.165749254
-10.93933427,-4.950427093,-6.847385839,-0.130781935,-2.342908324,-2.052349496
-5.792612723,-6.595122802,0.540117682,-1.169013126,-1.150943147,0.705045163
-1.608753693,0.228695987,-0.76947215,0.526171386,-0.77713531,-0.148060173
-4.097155361,-3.300778593,8.814393172,-0.766875655,-1.365768469,2.425292444
-0.104635077,1.18902599,3.632935017,0.402239316,-0.044189833,0.45961222
2.790779574,2.224342482,-5.758563184,1.728783859,0.766246148,-1.518379686
-6.063698185,-4.585274798,4.646641796,-1.523475513,-1.367495364,1.098254739
0.954861436,2.635793347,12.52911029,0.467311492,0.248358763,2.189726838
-1.312415295,-5.576207701,-9.480179284,-0.875386985,-0.296092819,-0.938213108
7.713992924,0.729819502,12.33392545,-1.297104743,2.33732989,3.448477726
-4.131879844,-1.79044989,2.558060454,-0.237986111,-0.69051139,-0.010099088
-1.287661897,-6.176521891,-13.7453311,-0.567056636,0.318844289,-2.037442551
-3.175301487,-2.35722437,0.289591414,-0.46633134,-1.182011918,0.337752859
3.037215997,-0.222797922,-5.029917178,0.216221988,0.456901356,-0.317929139
7.768446493,4.643658764,1.006112486,0.678219884,1.560842695,0.481374819
5.144148858,0.813872387,1.313434431,-0.833561936,1.387732211,0.683176343
-1.955508367,-2.117764823,-3.611882695,0.033743741,-0.579050842,-0.624553648
-2.782939206,-4.994094254,-7.384552683,-1.330320968,-0.234635404,-0.947775189
-8.706052127,-7.056871446,-3.592923434,-1.434100539,-1.967522244,-0.366605761
0.762801233,-2.185151892,13.41199674,-1.904661445,0.695923881,3.154295947
-10.44402934,-7.656459353,-5.140192913,-0.829726367,-2.153443178,-1.059177554
2.697852992,-1.177334866,-16.63822309,0.438982683,0.829274225,-2.920577911
7.136216713,1.32446836,3.098306202,-1.198907164,1.566652335,1.6682807
-0.82555579,-6.348978623,-7.326339091,-1.410411415,-0.103108575,-0.019788172
-3.398538347,2.171150182,-1.304687589,1.729700315,-0.860166168,-1.500084449
-1.064346186,-2.193444558,-6.725652645,-0.035222782,-0.070366694,-0.985184336
1.923523158,1.495966439,13.7448161,0.12620796,0.107059244,3.260673586
-1.494810914,-2.300261948,-3.092419765,-0.879660403,0.218758445,-0.621455523
-2.769511491,-2.420307667,-11.15585661,0.365066234,-0.592464198,-2.301049603
-0.968326622,3.899182699,15.72644502,1.004332216,-0.940635224,2.807455268
-7.705373047,-4.909754073,-4.509134368,0.156248624,-1.32267296,-1.229283747
2.921637846,0.398156468,5.501053905,-0.686709385,0.83525231,1.388243718
-8.061692617,-2.228825622,15.07640148,-0.382093644,-2.101984624,2.599852501
6.063885583,0.369030388,-3.837805788,0.433377187,2.001636011,-0.379531242
5.094916431,4.735551657,-14.8061534,1.877654403,1.006158379,-3.192839404
-2.050723576,0.538470188,-5.452586401,0.30613203,-0.516193629,-1.420693971
-0.188684683,-2.064002485,-7.098561531,0.288981403,0.07645323,-1.123344078
-8.480657437,0.627050743,11.53948852,0.710590289,-2.362975828,1.324079191
5.268162133,3.933329373,8.525001226,0.641142928,1.154731535,1.763493565
-2.154208895,-2.198484563,-7.967576874,0.621756506,-0.312778808,-1.725244581
0.220459368,2.292596903,6.714897176,0.423674745,-0.453843054,1.256104478
11.71466807,7.100695771,-4.947371324,1.178626143,2.67917662,-0.851940608
-4.920004056,-4.523188182,0.042676951,-1.298227604,-0.669885022,-0.252992218
7.949162959,1.259340568,-1.874350627,-0.940549992,1.758534844,0.647375048
-8.14154492,-1.332155304,14.25965828,-0.440739489,-1.948069896,2.097363207
-1.515418481,-1.667662012,-9.56661388,-0.128922555,-0.153674752,-2.198590457
3.628341949,4.489436419,8.396582894,0.680029979,0.600480396,1.361528005
-0.525283422,-0.450584823,-10.14554954,0.577101276,0.153835007,-2.428277406
8.561033118,7.961163285,-2.617137399,1.504912733,2.067857867,-1.575759327
-6.524038648,-2.399213576,-11.62027031,0.934669989,-1.964756275,-2.720689208
-2.076550978,-4.19877633,1.895928187,-1.819547486,-0.999621947,1.559236463
-1.041352942,1.092561272,3.051755489,1.117933271,-0.708034042,0.694818336
-0.438686528,-0.747843557,-8.35976906,0.339370957,0.366936484,-2.001460659
-1.469834119,-1.292530285,-5.68749941,-0.777750106,0.349797185,-1.624416159
0.075409059,-0.18292993,10.17666219,-0.648622085,-0.075827826,2.318482221
-0.56821372,-0.688163983,-6.078209272,0.338011281,-0.086222002,-1.284092767
-1.909373033,3.504494452,27.58444411,-0.296059473,-0.785352274,5.018494204
9.84713706,3.373964264,1.75656267,-0.10719833,2.220914176,1.121026799
-3.443377605,0.294287634,3.414961447,0.537362967,-1.458551672,0.638246783
8.346017247,0.984804202,-6.636661764,-0.130844602,2.460005835,-0.768327187
0.374746254,1.798644853,8.54227697,-0.05960064,-0.39518485,1.754060704
-2.908053806,1.573295811,9.843250961,0.600252104,-1.24274205,1.464166913
0.170223163,2.08250211,11.93563322,0.155647398,-0.051378453,2.106026257
2.432121152,-1.135412167,-12.53699131,-0.164634584,0.668813625,-2.063072869
2.023180315,0.173764477,-7.575507831,0.543172969,0.725646173,-1.618304644
5.309034233,5.292200866,0.510798399,1.079617839,1.108993346,-0.512624019
1.399273133,1.915071133,2.276786868,0.189622713,0.414790875,0.20986758
2.128623777,2.718570766,5.63980589,0.536374817,0.391851492,0.941312069
-4.498659345,-4.619843822,-8.250827029,-0.950127324,-0.701369597,-1.537305765
-1.966981499,-1.551621698,-9.392728656,-0.539802997,0.040476344,-2.215660792
5.866480857,1.52751411,2.293418802,-0.485688502,1.950988309,0.501939783
9.367261954,9.773636746,-1.225504246,1.551770411,1.225944898,-0.424522208
-2.182957955,-4.326228762,-8.506880629,-0.7110335,0.012647456,-1.536871828
10.75358588,4.918903097,3.080463167,-0.688274124,2.414891919,1.066055983
-6.526966796,2.973401065,9.109362654,1.50254492,-1.89725078,0.388538212
1.390437037,-0.947465349,-3.492349896,-0.524797718,0.490318815,-0.478778737
-2.422895309,-2.805268468,-15.65418322,0.923574897,-0.62824209,-3.116121254
1.20825846,-3.022633586,-1.232091265,-1.74399573,0.35437794,0.618849493
5.318230059,2.523334959,-9.718442772,0.833775409,1.194120326,-1.839666952
2.516798355,6.346100379,5.111530423,1.614459958,0.413013502,-0.076018138
4.532267638,4.447924194,15.9895098,-0.146457785,0.63848162,3.50787413
-8.304141285,-3.322577082,14.72516809,-1.105041513,-1.919784279,2.609998624
-0.012984949,-0.613905152,1.632569011,0.238733742,-0.392120173,0.822524279
6.035309434,5.948561817,-8.942409651,2.059613078,1.22938795,-2.418527638
10.04372902,4.798562267,1.995055261,-0.08400921,2.256820609,1.019967717
-1.769568779,0.315334728,13.50321154,-0.063810991,-0.57863479,2.927498462
2.251384053,4.731265479,-0.213048702,1.695544916,0.682906528,-0.965593239
4.166046444,2.0389464,-15.4728823,1.311837994,1.103878225,-3.116998229
2.404554851,-1.893969425,-12.18681463,-0.39585007,1.356217967,-2.408579597
-1.050785332,1.495503977,4.339510161,0.039072665,-0.241900516,0.581778268
-11.51653093,-8.63060304,-9.96060485,-0.584808893,-2.063546547,-2.251887906
-1.27622157,0.090350181,6.531934655,0.251234794,-0.482968773,1.412626106
-9.745728534,-5.500474979,-9.646738204,-0.794486979,-1.365291955,-2.969634757
-0.968077688,2.001704841,12.99163264,0.031329658,-0.402461896,2.187585796
-6.74795779,-2.950100757,7.514649693,-0.747504548,-1.45805317,1.294479418
-7.469771341,-1.395804975,2.170894698,0.742097978,-1.913705766,-0.20451429
-3.653665452,-10.49675822,-19.44406922,-2.661937653,0.015701185,-2.677602667
10.00589758,2.749889014,-3.133764835,-0.803392497,2.026759492,0.565632463
-8.406984657,-4.39622219,-4.086152481,-0.527978365,-1.965781854,-1.21501382
9.142278087,2.564783574,1.953059492,-0.311475237,1.686927806,1.685320649
-3.969097358,3.864315397,18.19310731,0.903891133,-1.808171916,3.042490793
5.844725005,1.163476992,-10.58377415,0.495710593,1.756023519,-1.982532143
-2.515923909,-5.103414717,-5.071957727,-1.352681415,-0.577087618,-0.170366125
-6.796626364,-4.243752604,0.107813026,0.13135648,-1.410302858,-0.187170467
-5.63961426,-3.325624894,2.627996657,-0.524321241,-0.67707893,0.080109987
0.266957884,2.47543382,15.52599612,-0.137680946,-0.333203339,2.95467717
-2.401625268,2.345405105,-1.085296146,0.951257505,-1.08190321,-0.843022835
-3.654909869,4.290289854,4.555981672,2.336235088,-1.121098796,-0.6329317
-2.297602804,-4.583278036,-7.700129189,-1.638262472,-0.284167452,-0.983141708
-0.601449274,-4.329859331,-17.4655445,-0.085460266,0.133423943,-3.064721489
8.290765771,4.13846066,-1.054554265,0.995240165,1.711141595,0.210753774
-2.82427952,-4.382338301,-6.493703361,-0.310735404,-0.93908505,-0.550182434
-4.389330975,-4.485104263,1.592431859,-0.469061965,-1.27651115,1.011113963
-2.946581938,-7.315526286,-8.468417285,-1.008817567,-0.309090396,-0.830020167
